Customer ID,Credit Score,Loan Type,Loan Amount,Loan Status,Application Date,Decision Date
c2967c4a-1574-4ff4-a7aa-a7542f72386d,524,Home,404455.93,Pending,2025-02-02,
00144263-2909-44a7-a699-55ba2926baa8,414,Home,362636.66,Rejected,2025-02-02,2025-02-13
af6f4e8f-3309-4629-9811-e81e6da3a803,795,Auto,26696.77,Approved,2025-02-03,2025-02-15
591c950e-f31e-49b3-9e64-7b339ea425bb,374,Business,49127.48,Rejected,2025-02-01,2025-02-07
10622493-5cbb-43cc-abc0-06a4ab62860e,646,Auto,22180.56,Rejected,2025-02-01,2025-02-04
15cd83cd-b28b-478e-81ff-2067fc8c33ca,560,Auto,44649.56,Rejected,2025-02-01,2025-02-13
a69b115b-651e-42d7-9db9-791c5595450e,374,Student,25663.09,Pending,2025-02-02,
62e726d8-1e85-4a04-890f-4a1004464e62,786,Home,217671.85,Rejected,2025-02-03,2025-02-12
59149970-4765-4e20-8dfa-8d2688b746b5,387,Personal,36976.63,Pending,2025-02-02,
3a8379c2-2cc6-4810-9f70-3dbe84a6544b,339,Personal,23468.51,Pending,2025-02-02,
e783f897-216c-4ca5-b217-14b894e56cae,602,Personal,15195.23,Rejected,2025-02-01,2025-02-04
f022d1d3-ac32-4437-bb52-7953062a2fd6,450,Business,142955.45,Pending,2025-02-01,
25e07d61-4e0c-447c-8f7d-56a4c425110f,542,Home,120084.9,Rejected,2025-02-03,2025-02-14
9615fe33-5119-4a97-9719-5b1e9c0a96cc,831,Personal,31146.54,Pending,2025-02-02,
ee1328be-a572-438b-8830-5b8dbd6562a7,337,Student,25684.96,Rejected,2025-02-03,2025-02-14
7a78c112-ac51-4f65-bb05-e5341a310dee,558,Personal,35602.8,Pending,2025-02-02,
19abd249-8a58-4650-ba3c-17d81a2ee8ad,668,Home,323289.18,Approved,2025-02-02,2025-02-02
29ce07c8-787b-4b3c-ae11-f152952309f7,612,Auto,46083.97,Rejected,2025-02-01,2025-02-05
870c2550-fb48-40fc-a831-0059ced0d65d,772,Business,77176.98,Rejected,2025-02-01,2025-02-08
8a51ec87-4f5b-42b3-8b2a-992361c74e7e,728,Personal,39117.71,Rejected,2025-02-02,2025-02-15
1d9deab1-4600-48c8-a3f3-d854ef19790c,612,Home,410105.78,Approved,2025-02-02,2025-02-03
d022217b-4add-4148-8fc7-086719735fa4,791,Business,63165.1,Pending,2025-02-01,
b97b6f6a-b11e-42fb-b120-a10a9ef96e2a,850,Home,382625.71,Rejected,2025-02-03,2025-02-12
b0b5eb90-793c-4b6b-ac33-28dc213f32fb,710,Business,20348.54,Pending,2025-02-01,
6eb668c2-6576-4b0a-a25f-1940ef04ec86,302,Auto,27722.1,Pending,2025-02-03,
580c9dc6-1caa-4e74-a13c-e99eee40cbc0,401,Auto,38724.92,Rejected,2025-02-03,2025-02-16
994ee4b9-2b00-4bc1-bce3-39a720d3f14d,815,Home,162189.17,Pending,2025-02-03,
feb45f6f-4d3d-4fb3-8096-2f1b06c5dcc0,763,Student,16723.26,Approved,2025-02-01,2025-02-02
c63717b3-161a-4413-be46-bf9c894f1d3a,505,Auto,40851.76,Approved,2025-02-02,2025-02-04
26934c44-2818-4b6a-9233-c0c535e0179a,465,Business,85788.71,Pending,2025-02-03,
f58fb611-5018-49ec-89d8-bfbe619723a4,622,Home,234836.78,Pending,2025-02-03,
25032c5a-c01e-4e8f-8453-de5198e94216,618,Student,14047.51,Rejected,2025-02-02,2025-02-12
e9745610-981c-4514-8271-787bab567468,513,Home,143163.23,Rejected,2025-02-01,2025-02-05
17a135d8-6796-43ba-98b9-b33e95aa040c,524,Auto,28627.34,Approved,2025-02-01,2025-02-04
4f9c3053-9fae-4279-a6a6-3c22856a7dff,485,Auto,38668.46,Approved,2025-02-02,2025-02-03
37cc613d-31b8-4bb9-999c-f3bb4cbb5edd,694,Student,25106.03,Approved,2025-02-01,2025-02-09
0dc72b7b-6a55-491b-b49a-ee68fef1d090,413,Auto,10458.26,Pending,2025-02-03,
8e1cc572-07ae-4863-91c6-043215232fb9,454,Auto,40503.31,Rejected,2025-02-01,2025-02-12
1a9b1c18-8caa-406a-b200-836fe976ca6e,540,Student,21272.48,Rejected,2025-02-02,2025-02-09
3701f9c3-5df0-41eb-8579-f3cfd802d2ad,510,Personal,34431.48,Approved,2025-02-03,2025-02-08
5ac223c0-ebb8-4208-bfd8-785ecf1ab92c,531,Personal,37314.14,Rejected,2025-02-03,2025-02-11
6f226696-9d3a-424b-a702-8ff291e50c2b,577,Home,278611.79,Approved,2025-02-01,2025-02-01
6eb7c17c-4dcf-43dd-aed6-384f12f6db8a,566,Business,20172.97,Pending,2025-02-01,
e614e223-9852-4271-b837-d0b31b06ff3f,795,Personal,31540.77,Pending,2025-02-03,
0d91d36b-247c-4940-a1c3-f716c6b8bc33,460,Personal,31460.68,Rejected,2025-02-01,2025-02-11
18416734-9cf7-4e4a-8764-845a720b716a,471,Personal,39713.81,Rejected,2025-02-03,2025-02-07
edafd031-e22f-405e-bf46-a73a6e492d72,762,Personal,22256.06,Approved,2025-02-02,2025-02-10
2b0772d8-cfdd-4cbc-a2a8-2544688401b8,359,Auto,35226.68,Approved,2025-02-01,2025-02-03
153ee1a2-df89-4cbb-a709-31115b0a7769,328,Business,34097.01,Pending,2025-02-01,
178f7190-0e92-422e-9112-ce82badd4320,532,Business,110763.49,Rejected,2025-02-01,2025-02-07
eae6c9d3-f28f-4fe7-91d4-2daba764719e,846,Personal,8081.86,Approved,2025-02-02,2025-02-09
da7c4f06-db12-4053-90da-213f67024bc7,641,Student,1440.27,Rejected,2025-02-02,2025-02-04
b0c56120-7354-44d7-83f9-a1bb980e5130,544,Auto,41941.84,Pending,2025-02-01,
120a35be-5031-4ac5-9ea8-4454238bb138,488,Auto,30366.03,Rejected,2025-02-01,2025-02-05
a5cfa7fa-9499-4afc-99a5-a95464eb4bb1,810,Home,422388.83,Approved,2025-02-01,2025-02-14
30ca832c-7995-4105-8fea-e8f9d4568aa8,528,Auto,20998.38,Pending,2025-02-01,
b2387d44-e41e-4dfa-a141-7584b75dff1e,590,Auto,31579.75,Approved,2025-02-02,2025-02-04
18c2d26d-007d-435e-ba73-375dbc498c61,702,Student,8604.34,Pending,2025-02-03,
ebe150b7-23a1-4976-910c-c45bf1559a42,472,Personal,40628.97,Pending,2025-02-03,
cec3878b-66c2-458f-a1a3-c09b866c8f8b,533,Student,23583.18,Approved,2025-02-02,2025-02-08
b17e679b-1851-4d5c-ac70-b94104ec961f,732,Business,153432.76,Approved,2025-02-01,2025-02-14
d7e3c03f-e239-496c-b3d1-fed362aac3ef,500,Home,491808.65,Pending,2025-02-03,
883bf9a6-9c5a-4cc2-be02-4d08f58e9c85,306,Business,92128.07,Rejected,2025-02-02,2025-02-16
a6bfd547-551d-4bf8-9857-ca347421cb3d,608,Auto,47132.56,Rejected,2025-02-03,2025-02-06
ac0f0e7c-b448-4c74-bfb9-9635cb756a9d,384,Home,300534.56,Approved,2025-02-01,2025-02-02
bfbf4b32-5283-4084-8188-89c6b901355c,600,Business,104600.84,Approved,2025-02-02,2025-02-02
c761f2bc-6838-44c7-bb86-286a9ef2b1de,720,Home,422009.02,Approved,2025-02-03,2025-02-04
61dd5cd7-4c35-49a8-bfc9-2c22055bda7f,595,Business,144496.26,Approved,2025-02-02,2025-02-07
90f39e62-380b-44f0-9461-a234fab7916d,607,Business,116067.9,Rejected,2025-02-02,2025-02-14
af34634c-3ac7-45c3-9ba1-7bd274d75a28,768,Auto,44004.44,Pending,2025-02-01,
1deab4c7-817f-47fa-81e1-f0187da70ce0,367,Personal,9330.75,Rejected,2025-02-02,2025-02-16
c181ec45-9963-4add-a6e8-0ea5444deff6,685,Personal,7131.7,Rejected,2025-02-01,2025-02-13
e6f11c58-e7b3-4d86-9086-d5584191c8ac,676,Business,183448.14,Pending,2025-02-01,
5659686f-e6be-46f5-9c95-80d20e1950cc,381,Home,345190.22,Pending,2025-02-01,
6353366a-db09-43a8-92e5-77f3e8a3a1d9,555,Business,169069.11,Rejected,2025-02-03,2025-02-13
73564625-ec42-4955-aad0-905293eb3c8c,752,Auto,20275.02,Pending,2025-02-01,
839e62d8-ae6b-43cb-9c49-19b4d9c3b660,561,Business,79111.0,Approved,2025-02-01,2025-02-03
52379faa-b047-47d8-b482-e989dd23cafd,550,Student,18696.53,Approved,2025-02-01,2025-02-09
d0ecf1e6-64ce-45c8-80da-2849b9fa99a2,834,Home,204201.36,Rejected,2025-02-03,2025-02-16
e856857f-815b-4ea5-8e23-e615b3d934e6,742,Business,171611.34,Rejected,2025-02-01,2025-02-06
1816d849-5c62-468b-9f4b-fe8985fcec3e,745,Home,137976.47,Approved,2025-02-03,2025-02-04
f923f27c-c415-4440-ac9f-c3fce935580d,479,Personal,23040.07,Approved,2025-02-01,2025-02-03
ab03179c-4be0-43cb-8fdc-fa33fbd2fbe6,756,Auto,20602.69,Pending,2025-02-01,
ceb20127-5faa-4994-8c63-6e9a61cd59d6,394,Business,157855.83,Approved,2025-02-01,2025-02-07
7b99d7e9-3861-4638-b9ee-da30f191a13e,678,Student,14411.16,Rejected,2025-02-02,2025-02-14
2530b2ed-da47-4f00-9ce8-388871e8780d,377,Business,94288.59,Approved,2025-02-03,2025-02-03
9ae3804d-619b-49e6-8835-b3f494c85195,322,Business,155558.83,Approved,2025-02-02,2025-02-09
305faaed-e414-44c6-9354-95a65709ad21,703,Auto,10280.36,Rejected,2025-02-02,2025-02-15
cb5855ea-25a8-4f6b-8efe-88ea80c8082f,547,Home,142545.64,Rejected,2025-02-02,2025-02-14
2fc25117-0280-498d-aff4-22e6dd8caff1,670,Auto,37562.18,Rejected,2025-02-02,2025-02-16
85752b4c-aac4-4c4d-a3cb-11bc1b5b818e,534,Student,12568.76,Approved,2025-02-01,2025-02-01
c2bef988-21aa-4544-b24b-03404795fe2a,830,Business,103181.8,Approved,2025-02-03,2025-02-04
bb40d0d3-fa27-433e-afbb-15707939f5ef,839,Home,445549.63,Pending,2025-02-02,
68455d9c-1e4d-46ca-a69e-3529afec9f53,402,Business,126128.51,Approved,2025-02-03,2025-02-15
646bd929-99b4-4b20-babb-e0376d2503cc,648,Auto,14208.1,Rejected,2025-02-02,2025-02-14
06f5bfcf-1fef-4442-a664-1ee01c4701ff,795,Home,140589.86,Approved,2025-02-01,2025-02-11
388723ba-6ce3-4a38-91b0-dd06647211db,507,Auto,17347.45,Pending,2025-02-03,
43fe218b-568c-4628-8466-8451f0af2035,777,Business,27767.84,Rejected,2025-02-03,2025-02-17
9673c7a7-1b6d-4796-ab13-55845d08fe58,332,Auto,35520.38,Approved,2025-02-01,2025-02-10
d1b424c5-bcb8-40e8-b133-2cbf2fe3ca41,482,Business,198360.76,Rejected,2025-02-03,2025-02-16
50bbd7cf-5932-44bd-942c-80fcbfb1d46e,572,Home,497502.56,Approved,2025-02-02,2025-02-11
a6cfc142-bf6a-40e9-85ae-475a6110aa41,365,Student,29389.27,Approved,2025-02-01,2025-02-05
c490a1ed-1fd5-46a6-86cf-298d1639e616,708,Business,94583.63,Pending,2025-02-02,
3418a130-08af-41df-9822-f9722044b966,672,Personal,36968.59,Pending,2025-02-03,
be4e10c2-09da-4fa3-b28c-6824b094a73b,778,Personal,11422.37,Rejected,2025-02-02,2025-02-02
cb375519-cf0c-4a03-8dc6-4842bd53a0b0,639,Auto,40344.44,Approved,2025-02-01,2025-02-04
53406f0c-bec2-4c3e-8226-087747216b24,392,Home,212557.0,Pending,2025-02-02,
759e4743-2e78-4e27-b1e0-7c23e2b0dca4,303,Auto,33238.87,Approved,2025-02-02,2025-02-10
f2f6d0e1-5080-4f4e-aa79-7c3cf9d7a334,386,Home,323755.52,Approved,2025-02-03,2025-02-11
05e3cb5a-23bf-4648-87e5-3c25c63bfc35,778,Student,3742.24,Pending,2025-02-03,
8fb1c5ce-0828-4ee4-b746-d7e66535672d,818,Business,98274.47,Rejected,2025-02-01,2025-02-10
4db70495-6d40-4c43-9e98-a26a0e3ce44a,595,Auto,29082.96,Pending,2025-02-01,
d05f62bf-7539-4af2-b3c1-5aa6e3a2ce31,454,Personal,35531.02,Pending,2025-02-01,
33f7db45-74a4-4764-9209-f560ab2d08ba,518,Home,490980.48,Pending,2025-02-03,
33833fd2-674b-4ed5-8b9f-b611bedbfe90,738,Student,23863.36,Pending,2025-02-02,
aae454e6-42d4-4fb7-9dc4-d015c8fb85de,588,Auto,26318.19,Pending,2025-02-03,
0b8a8373-8ca3-4929-b3f4-4a9454e6eb7d,370,Personal,7119.14,Pending,2025-02-03,
fedc0223-c178-487c-85e9-744c2922350d,540,Business,183597.75,Pending,2025-02-02,
daa66238-5d19-4782-a9be-d4885f3f2522,303,Personal,34502.97,Pending,2025-02-02,
efce218d-963b-4ae7-b298-8a6532e7f7cf,678,Personal,47401.52,Approved,2025-02-03,2025-02-12
4a576583-f94a-4bc0-9109-54681eaa6658,334,Business,121891.68,Approved,2025-02-03,2025-02-04
23f318db-b0eb-4258-9dd3-561ec24809ae,335,Student,16784.74,Approved,2025-02-03,2025-02-12
915ca9d6-c177-4ed1-b7f4-c1c6a7d05e80,745,Student,10239.96,Rejected,2025-02-02,2025-02-11
c865b80a-9af9-4cb2-85b2-1d81aff984f3,636,Personal,21585.16,Pending,2025-02-02,
accb7a26-d4cc-4425-b923-2e2be0c7f63b,627,Student,20870.05,Approved,2025-02-02,2025-02-11
5e017753-4d3f-4733-a0da-ac9c065a6ecc,849,Personal,12752.4,Approved,2025-02-01,2025-02-05
79e2a473-99ba-483b-850f-a2854fde9af7,521,Personal,22286.58,Pending,2025-02-02,
6de90114-31fb-467a-8d4c-f2af6e21c449,372,Home,367421.11,Approved,2025-02-02,2025-02-15
97021780-46f9-4c87-a6fa-7a0b9e6d6519,710,Personal,44696.9,Approved,2025-02-02,2025-02-04
95f74799-d177-404f-91a4-2d676f588210,555,Student,21142.79,Approved,2025-02-01,2025-02-11
d508b9ec-a085-422f-8766-b2a737bd7e74,371,Home,335012.63,Rejected,2025-02-03,2025-02-07
b8a8f24d-ca12-4980-8995-3e00cc8557b6,746,Home,189529.28,Rejected,2025-02-01,2025-02-07
5a8a9232-8115-480d-a89f-d4a35c290ab1,743,Auto,23074.41,Pending,2025-02-03,
c19eb877-4fa0-4eef-b6d2-4e5d19c65d65,483,Auto,42287.06,Approved,2025-02-03,2025-02-06
e7f71694-0085-4c70-9070-a29a98148eb3,542,Personal,43455.36,Pending,2025-02-01,
89bbf95f-f73e-46c9-bca2-06fdb0371293,325,Home,99452.83,Rejected,2025-02-03,2025-02-05
037de4f5-684e-4dce-acae-8875c571171f,841,Auto,34606.67,Rejected,2025-02-01,2025-02-11
ad220ee9-8bcc-42a6-a0ec-ed7a7203f651,482,Auto,22968.22,Rejected,2025-02-01,2025-02-11
efc4da5c-32f2-4603-a2b4-e83ae6ae74cb,693,Auto,31947.83,Pending,2025-02-03,
92448faa-64fb-441e-9c42-f1c49805dc84,582,Home,478405.59,Approved,2025-02-03,2025-02-13
1edcc302-1a74-48ce-a0ef-69ac30f99a94,821,Personal,17883.6,Rejected,2025-02-02,2025-02-16
dae56b45-64da-42f7-a14d-473a490eb2b3,482,Personal,7139.27,Rejected,2025-02-02,2025-02-09
f8613394-8db4-49fa-b5f5-47040a75bbd1,742,Home,324885.33,Rejected,2025-02-03,2025-02-08
209b3869-cbf6-40dd-89a1-ec12f22f7746,574,Student,9383.86,Pending,2025-02-01,
24e5fc93-60e3-43ea-9ec7-c7925047ebe8,647,Auto,43975.37,Approved,2025-02-02,2025-02-15
afbd800a-f8da-4b0f-8d40-523eff8e94ef,837,Auto,10853.89,Pending,2025-02-01,
f755deed-4a64-41d2-9352-a7cae9d4b71a,491,Auto,23425.6,Approved,2025-02-01,2025-02-05
7cb465b0-e86d-41dc-a4bb-2179c011f4a9,467,Personal,29894.98,Approved,2025-02-02,2025-02-10
b49fa3ea-f115-49e7-9550-02a885935861,781,Business,37379.51,Rejected,2025-02-02,2025-02-14
902336a6-676e-4d12-b00b-c22aace9f45c,361,Business,163708.9,Approved,2025-02-01,2025-02-01
904c1779-4186-455d-82ff-d04775d53b44,815,Auto,37341.45,Pending,2025-02-02,
0a8736af-49d9-416a-b8bc-1cefcfc3e170,720,Student,21808.58,Rejected,2025-02-02,2025-02-16
6f63b020-50ef-40b4-900d-db9074e3eb67,428,Personal,28852.02,Rejected,2025-02-02,2025-02-03
01dd71c9-b0d1-449c-8fbd-fca4a806698d,497,Personal,39020.78,Pending,2025-02-02,
6c6b8c3a-d86e-40f8-93f4-1749497caf18,600,Student,26155.91,Pending,2025-02-01,
d1e25355-6c59-4a99-bb07-3af11a9472c8,790,Auto,42235.39,Approved,2025-02-01,2025-02-03
6bf7e326-c322-4abf-b044-c6e2b4283b96,739,Student,22709.92,Pending,2025-02-02,
80f32d54-399a-45d8-b778-8fef34da336f,717,Business,128098.53,Pending,2025-02-01,
e3a12c9f-16ee-41ee-8baf-b1ca7cfbba84,829,Business,40676.34,Pending,2025-02-02,
5e05608d-9d47-4088-ab2d-2cb8d6207e82,698,Student,12486.24,Rejected,2025-02-01,2025-02-11
a1d76405-dd00-47f4-bf62-27a5e3d5ffe5,433,Auto,43331.54,Pending,2025-02-01,
d7b94354-3ecb-4900-abde-d5cc76caad7f,816,Business,26258.81,Rejected,2025-02-03,2025-02-10
251c8874-3725-4a07-bc23-75f1fedabd46,721,Personal,13386.84,Rejected,2025-02-02,2025-02-10
3b9071e2-bd97-4a7d-91c0-3eb31211026e,600,Home,460534.27,Approved,2025-02-01,2025-02-06
40eb9684-9a5e-42f0-9724-e6d542b6009d,359,Student,28941.68,Pending,2025-02-02,
8a57498a-9b52-4eac-991f-9cc54a06144c,503,Home,344267.08,Pending,2025-02-01,
9caf7651-58b8-4499-a598-d885ced8b7b0,516,Auto,11054.87,Pending,2025-02-03,
0ef2a190-ff28-4a5b-83ab-d2aea4b5c7f8,381,Home,405758.53,Pending,2025-02-01,
ba01eeac-8e07-4f00-8dcc-b7eeff091b07,655,Home,166717.58,Rejected,2025-02-03,2025-02-03
ebe8be6b-959b-4942-8e51-943787a8dfa3,522,Business,170830.76,Pending,2025-02-02,
2bf07453-beab-45d8-8897-2021170e5de4,517,Student,4268.88,Approved,2025-02-03,2025-02-14
ed375d07-c7d1-4cdf-9e4a-9549c720a2b2,521,Auto,39065.5,Rejected,2025-02-02,2025-02-03
28d8219b-4ac2-4ab9-b4f6-25b4e0687ee2,771,Student,10211.49,Approved,2025-02-01,2025-02-02
068c08b2-6433-4089-a683-7399f45b9eb1,677,Auto,44963.3,Rejected,2025-02-01,2025-02-12
b95f79e5-9336-44e2-ab58-4446c2b104c5,838,Student,23070.96,Pending,2025-02-03,
b36e6632-6f66-40a8-8895-063b2f6e665d,359,Personal,19812.06,Rejected,2025-02-02,2025-02-14
7192eb0d-e0f8-413f-98e0-705517b948fd,620,Personal,33106.99,Rejected,2025-02-02,2025-02-07
7804868e-0422-4e09-bc6c-3c16c274ec16,356,Home,343393.77,Pending,2025-02-02,
2502e505-3583-424b-9cf3-d504c6ee9ff6,724,Student,8744.19,Rejected,2025-02-01,2025-02-11
dff33ebd-5694-44e1-beaa-3fd688ee90e4,384,Student,27799.59,Pending,2025-02-03,
9cdc9dcd-07ae-44ec-8aaf-67aeccb8aead,752,Business,185051.11,Rejected,2025-02-03,2025-02-05
0984f192-6d0f-4575-aec4-a1d7c3393722,349,Auto,20889.96,Pending,2025-02-01,
7c695b57-6b32-41bf-9ac7-37c9d255f136,418,Home,82764.78,Rejected,2025-02-03,2025-02-12
608cb6ae-6186-4de5-abb5-dda425c2e1bf,547,Personal,6595.25,Rejected,2025-02-02,2025-02-08
bef07484-1cd9-479b-867f-3edbcda2aad6,533,Personal,24716.72,Approved,2025-02-03,2025-02-04
eb9c4bf8-ae25-4a91-9da7-2fdf59cc6b9e,735,Personal,12644.09,Approved,2025-02-01,2025-02-14
205da2f1-9003-4f3b-b8bd-f1f0d581c3c9,658,Student,25369.64,Pending,2025-02-03,
804a1dfa-552f-4bd6-8e54-5722ca5c299c,706,Auto,15418.36,Rejected,2025-02-02,2025-02-10
546394c8-2a06-4b62-95f6-311a35802582,693,Auto,26170.1,Rejected,2025-02-02,2025-02-10
6804678a-7468-4331-91f4-83787a538263,323,Student,10495.03,Rejected,2025-02-02,2025-02-05
98fd84a0-8af1-4b68-be72-1a8da7cbe379,339,Student,6075.56,Approved,2025-02-02,2025-02-12
d2addfa4-1f3d-4193-8a31-fb68634788d9,800,Student,10855.93,Rejected,2025-02-03,2025-02-13
cd48edcc-8af5-44c0-b487-25bd94991494,757,Home,183161.38,Approved,2025-02-02,2025-02-04
40fa1bdd-70a0-41f6-9f45-e21b24c249b7,737,Home,483606.27,Approved,2025-02-02,2025-02-04
3eff9aa2-5ec4-4366-8151-0ee5c264db48,768,Business,52455.44,Rejected,2025-02-01,2025-02-14
61ccb48c-3eb1-4fb5-a102-9373a123885a,798,Auto,13143.65,Rejected,2025-02-01,2025-02-10
519ba524-634f-4e53-8bfb-96aba18cc6ee,685,Personal,12478.54,Pending,2025-02-01,
3271ed00-9c7e-4b96-9717-c3eafca9494b,642,Business,46661.92,Approved,2025-02-02,2025-02-12
9791427b-7343-4b19-881f-5d55bb8b8441,371,Business,172634.9,Rejected,2025-02-02,2025-02-06
d6987dd8-5815-4264-9c72-5e7ce63c6859,769,Personal,19553.33,Approved,2025-02-01,2025-02-03
b343073b-f2bc-45fb-bc4e-0691470f8b05,800,Home,478192.43,Pending,2025-02-01,
0a3ae2e5-4db8-4ac1-afe8-f6a26a1b1690,500,Business,160750.45,Pending,2025-02-03,
9bb63484-5a04-4ae8-a90f-889d5d36eed6,699,Personal,16508.39,Pending,2025-02-03,
571de860-083f-4ec2-b9ac-dc8bf4797a8d,610,Business,13151.42,Approved,2025-02-02,2025-02-03
a798a2fa-3111-4b4b-b411-ee140d8849d2,691,Home,305126.83,Approved,2025-02-03,2025-02-09
1b0c572a-a1dd-42a5-a669-03c7a283df87,321,Student,9750.56,Pending,2025-02-02,
dc7302a6-7d81-4741-858b-cdb7d41f38a5,707,Business,149226.31,Rejected,2025-02-01,2025-02-14
52a1b1f0-b400-42f9-acea-e2073613236a,840,Student,22356.64,Approved,2025-02-02,2025-02-13
c7a163a3-d9a0-4b26-8b54-8d7533481fe3,479,Business,151098.6,Approved,2025-02-03,2025-02-14
cdd021d7-a125-4a75-8b67-141dae83dbc2,642,Auto,35391.31,Pending,2025-02-03,
729a761b-658b-4c19-910b-103baf0db36c,443,Student,17125.24,Approved,2025-02-02,2025-02-11
58631b9e-6af3-46d7-b5d2-eb0f21e1fbef,577,Auto,25669.25,Rejected,2025-02-03,2025-02-06
d18ad791-7678-4851-8133-41ed6c6893bf,841,Student,19368.99,Pending,2025-02-03,
9807995b-c3f9-481d-bf64-85556af122ff,781,Auto,20559.3,Approved,2025-02-03,2025-02-12
585afc68-5423-498c-8a17-93bd5ee73edd,381,Auto,40405.94,Approved,2025-02-01,2025-02-15
327260bf-50a4-4ee7-a990-14ecb092c545,824,Business,103438.75,Approved,2025-02-01,2025-02-14
f1ac2309-4a8a-46f4-8955-3da51e0d3504,525,Business,73526.69,Rejected,2025-02-03,2025-02-08
b000dbf0-1290-4e51-aeb9-27f1d200f8fb,478,Student,2807.89,Rejected,2025-02-02,2025-02-09
f0863fc4-cf00-42e6-b50b-7ae366401efa,841,Personal,13687.18,Rejected,2025-02-03,2025-02-16
40eba3d8-eb02-4778-b227-5a164f745225,601,Business,24635.05,Rejected,2025-02-02,2025-02-02
4d70c3ec-c774-49ad-980d-073fa4ae0d63,720,Business,20028.95,Approved,2025-02-03,2025-02-16
b04a2965-4ddb-43ec-a6a6-72db48fe139b,498,Student,9508.09,Rejected,2025-02-03,2025-02-08
86968b4d-ebfd-413b-b951-02c3de816a7e,636,Personal,47686.34,Approved,2025-02-01,2025-02-02
482ea69e-bf0b-476a-8001-655879508341,445,Auto,15571.45,Approved,2025-02-03,2025-02-11
81e83778-b5ab-41f4-8351-be969c34d28e,807,Home,433414.25,Pending,2025-02-02,
75591492-1c31-484a-9f1b-0bb58f152352,786,Business,186817.05,Pending,2025-02-02,
067456ed-fabd-4b03-87f4-ab916af7acff,741,Personal,27294.86,Rejected,2025-02-03,2025-02-17
296f6827-0110-4c1f-ba50-957af0f8d149,747,Student,11081.99,Approved,2025-02-03,2025-02-08
a2f617d2-7260-4c2d-aa08-ca5627b885fb,373,Home,282823.38,Approved,2025-02-01,2025-02-10
d6ca6bad-21c5-4dad-b3be-943761a3a704,494,Auto,12399.48,Rejected,2025-02-03,2025-02-14
f2014c78-e475-4ba6-b4dd-5acafc23f421,607,Student,13496.58,Pending,2025-02-03,
d944f14f-50aa-4752-8538-c78bde4a74ac,424,Auto,47835.26,Pending,2025-02-02,
2433285d-b28e-4a0b-9813-d8e53bb8476e,735,Business,56134.08,Pending,2025-02-03,
db243642-f66d-4494-a27a-5356391c8d41,703,Student,10822.71,Approved,2025-02-02,2025-02-04
5818b3db-2197-4b86-9c96-9dde1800c687,653,Student,1705.69,Approved,2025-02-01,2025-02-06
32dd940e-1deb-4a19-8d49-886c9a9fed1f,638,Business,38555.83,Approved,2025-02-01,2025-02-05
1e6c9d1a-0e09-44d0-bd41-6b35bd72ca26,473,Student,16880.63,Approved,2025-02-03,2025-02-09
0f65ff38-055a-44de-bc02-4f20c68eeb30,453,Personal,33886.12,Approved,2025-02-03,2025-02-13
39efb08e-73df-4608-8bbd-38c33805dbf7,390,Student,22096.68,Pending,2025-02-02,
c72aa291-8121-43bb-bbae-bf037cee6985,714,Student,13084.75,Approved,2025-02-02,2025-02-08
4cd338c9-d583-4ea9-b8c4-de13674c931e,837,Home,441824.97,Rejected,2025-02-01,2025-02-05
9c97956b-8fa5-4fe4-81f9-d406172bf6e8,595,Home,144513.69,Approved,2025-02-03,2025-02-05
22b2e209-59cb-434a-b9c1-28885288c196,781,Home,423628.07,Approved,2025-02-03,2025-02-07
8ba5d2a2-0d1c-469b-8779-f3d8db31c6f0,599,Personal,39667.31,Pending,2025-02-02,
1429d19d-f7a6-40e6-b6a6-760cad206599,536,Auto,47769.17,Pending,2025-02-01,
7d3b39f6-176c-46da-b0cc-1ea9cd78bca1,493,Auto,29807.84,Approved,2025-02-01,2025-02-11
4751447d-1ae6-4868-9a82-bec85ad4ad39,639,Home,239078.37,Rejected,2025-02-01,2025-02-03
f05f0ee0-b1f8-4a7f-8ac0-9f4fcfdd8176,777,Personal,20439.86,Rejected,2025-02-03,2025-02-06
60864cb8-bd2e-4232-951c-41c2b8609262,333,Personal,49051.2,Approved,2025-02-02,2025-02-03
8aec6612-4cf6-449b-a9ce-eed914c93a75,724,Student,4713.33,Pending,2025-02-03,
d4416bdb-d5dd-40b1-9a08-7e3f747f8ecc,339,Home,346505.86,Pending,2025-02-03,
6e3cb648-2f3f-4620-94f4-bbc54561c846,434,Home,128148.72,Rejected,2025-02-03,2025-02-09
f96f9a29-0030-4c45-8a01-b89eac979941,511,Personal,15057.64,Rejected,2025-02-03,2025-02-07
96732f98-ba6a-4975-bc56-5190f63eb259,472,Student,20703.89,Rejected,2025-02-01,2025-02-03
1aaa461e-e0a3-4323-8546-aca0c3e1f945,747,Personal,41990.34,Pending,2025-02-02,
d7058f08-7553-4afc-bce6-8dee0f677ba3,615,Student,7110.46,Pending,2025-02-02,
c60e5f67-6354-4830-9069-c5806c7cf503,637,Personal,27094.69,Pending,2025-02-02,
1d880a05-e83b-493e-8284-dbb921783b49,759,Auto,33344.0,Approved,2025-02-03,2025-02-12
2efd237a-ee4d-4e7c-aa2f-80c17094a1d0,434,Personal,29453.15,Approved,2025-02-01,2025-02-01
f6426b40-6a05-4761-9e2a-472ecb676448,379,Business,177892.53,Pending,2025-02-02,
dc7a79fb-bbc1-45c6-a180-556707a0c6b8,439,Student,25864.61,Pending,2025-02-03,
fd96ade0-38a3-4855-897c-14362958f13f,775,Auto,17374.32,Approved,2025-02-03,2025-02-08
e65195ff-6a94-4ac1-bace-4558ce2e6de2,392,Home,432939.9,Approved,2025-02-02,2025-02-07
aed564bf-e0cb-4bed-8395-e083bfc705f7,803,Student,7521.09,Pending,2025-02-03,
78ec413e-4033-454f-9095-5c6bf016bf1a,576,Home,187915.56,Rejected,2025-02-02,2025-02-09
6568ed6b-5597-432d-ba3a-f1b6b8b97638,644,Student,1556.47,Rejected,2025-02-01,2025-02-02
47ae4b1c-fc74-4745-90e0-eef99f03fc5f,553,Business,189921.48,Approved,2025-02-02,2025-02-09
c045cd9f-6c93-4c0e-8e97-7054f71ad801,835,Business,91576.75,Approved,2025-02-03,2025-02-10
a93dbf3e-856c-40e7-ab6c-cc170719c021,478,Home,90524.21,Rejected,2025-02-01,2025-02-12
89f8003d-7ea1-4d82-970b-1cb85b4f14db,379,Personal,33527.31,Pending,2025-02-02,
67fefb51-9030-4282-9b36-a3676be4baf9,624,Home,201179.07,Pending,2025-02-03,
74d3a8be-f1df-4ebb-9f3c-337890da88ea,474,Home,247579.44,Approved,2025-02-03,2025-02-11
3bc0ade3-c168-4b33-82e4-9307c832d5e5,368,Business,196308.27,Rejected,2025-02-01,2025-02-03
146102b0-dd32-4a4d-9a71-464299aea583,454,Student,14683.44,Rejected,2025-02-02,2025-02-14
5fd1a36b-ec89-4de5-8829-baeae10c43d1,438,Student,21204.41,Pending,2025-02-01,
70b44fb1-f2a3-4792-9ee7-d3c553f183c0,400,Business,76533.16,Approved,2025-02-02,2025-02-06
dbc314e1-40d1-4089-8f9b-fea660d58173,566,Business,164474.28,Approved,2025-02-01,2025-02-01
a2e972a1-e76b-4c9e-9a98-2da9d2eabf71,345,Business,177900.32,Approved,2025-02-01,2025-02-07
66dcee1e-7f15-48ce-936f-61c502c4d00a,328,Business,62010.7,Approved,2025-02-01,2025-02-06
235bc126-2959-4bf0-bf2c-cd8827e1b5e0,748,Student,2619.87,Pending,2025-02-03,
a4831b28-8c67-4fb3-a302-6ce4b2a29daa,752,Auto,23374.63,Rejected,2025-02-03,2025-02-15
c71e8238-d7d1-4723-b644-711d6cb5987e,667,Auto,18286.62,Approved,2025-02-01,2025-02-03
60a9a235-eec8-49f1-bf66-65308ea1ad29,350,Student,16129.68,Rejected,2025-02-03,2025-02-11
404f4afc-bcf2-407a-8935-eda647db5134,591,Student,6914.73,Pending,2025-02-03,
11a7f504-c4b6-4241-8bf8-76f96edce8c4,785,Business,121493.57,Pending,2025-02-02,
f69f6eac-27ce-4326-9c4f-acedd6def6af,724,Personal,36822.39,Pending,2025-02-03,
f2b44536-ce47-45a7-a061-6a186f6071c0,429,Personal,8931.82,Rejected,2025-02-01,2025-02-05
178b4747-2a9f-4085-8e84-ae389b2e60d5,646,Personal,9160.51,Approved,2025-02-01,2025-02-08
a4c617d1-f198-405e-aacd-afe76aabaa38,365,Business,39165.38,Approved,2025-02-02,2025-02-16
9713c7fb-d4be-4ca5-92db-eaea03b19448,651,Personal,30168.51,Approved,2025-02-02,2025-02-08
0ea07379-a58f-41d0-b0f0-1f8d9a247f0d,325,Home,470030.59,Approved,2025-02-03,2025-02-14
3fc9226e-9c2f-42a7-8dba-d3fc0f8d5ee6,730,Personal,42538.6,Approved,2025-02-02,2025-02-12
6c12b703-6a37-4d78-8cb3-99c7b7b05c8c,546,Business,181126.38,Pending,2025-02-02,
668b8060-007b-41e4-9062-377ee9d9d766,617,Business,11948.07,Pending,2025-02-02,
329d1c81-7430-4b82-8d22-8bf65f8a135c,821,Auto,10913.96,Approved,2025-02-01,2025-02-02
68d4435f-9275-4fac-8e3a-1288cf27e77e,534,Personal,17528.34,Approved,2025-02-02,2025-02-06
a18892c4-3f81-4113-833d-517c74689b83,512,Student,20546.14,Approved,2025-02-01,2025-02-02
3ee5d682-5ba0-4d20-b8ad-c1f4b730bd52,324,Business,27943.52,Pending,2025-02-02,
2811c174-3bbb-4ce6-9f0b-965a3224cd2a,611,Home,381560.23,Pending,2025-02-03,
d52f0b84-1f2b-4b6e-a1ea-77860f65960e,452,Business,176317.58,Approved,2025-02-02,2025-02-09
5d37e6a6-93dd-492e-a0fb-51c688271b59,756,Auto,24076.88,Approved,2025-02-01,2025-02-08
1da0e9a1-94b9-4bd3-91c9-62a3f73d3a1d,549,Home,431641.01,Rejected,2025-02-03,2025-02-14
ca87ca69-3b10-4ca6-82df-f95534486a29,410,Personal,47662.97,Pending,2025-02-02,
af64cba0-782a-45ab-8089-c2585cd17f1a,822,Home,481448.95,Rejected,2025-02-02,2025-02-11
3ef2d0d2-92cc-426a-9e25-b854299ffc36,509,Personal,40764.98,Approved,2025-02-02,2025-02-09
830e4029-6b65-4a1e-9f15-b93aee2a5ef4,704,Student,8006.61,Pending,2025-02-02,
27941b7f-a7ae-4e07-b36d-7e330be06103,698,Home,54048.52,Rejected,2025-02-03,2025-02-04
dd9d813a-e60c-4019-87f6-8a2f32cb5d78,500,Home,406445.91,Rejected,2025-02-03,2025-02-08
51ac27f3-7bfd-4a48-9463-fedfd5faab7d,676,Auto,15543.85,Rejected,2025-02-03,2025-02-07
ddd36554-781e-460f-9a57-4b9f103d8c77,475,Auto,24226.71,Pending,2025-02-03,
beb5e561-b77f-4565-b30e-255027db771d,672,Business,79743.28,Rejected,2025-02-01,2025-02-08
1314f789-363a-4d77-b79f-8fd259d32666,325,Student,11243.41,Pending,2025-02-01,
512f7471-39a8-43d8-8d31-7e2d3f1ad98b,521,Home,366619.66,Pending,2025-02-01,
5842fbdb-4491-410d-b620-192e8edde43c,752,Home,276355.34,Approved,2025-02-01,2025-02-15
2d361870-5a8e-4f9e-9e8c-782fa57ec513,639,Business,181154.87,Rejected,2025-02-02,2025-02-14
480d0cbb-b976-46ac-8595-bc161ef08d0c,304,Business,12493.91,Rejected,2025-02-02,2025-02-16
2d1aeaac-fa1a-4faf-91a9-77e95f95110a,411,Student,13558.31,Rejected,2025-02-02,2025-02-03
26967621-469b-4aeb-836b-40272fb8580c,818,Business,14160.73,Pending,2025-02-02,
4472878f-ee71-49bc-8c5d-b93bd1841155,737,Home,286797.69,Pending,2025-02-02,
048b2c2b-01df-41d7-a6fa-f8af7ee2a26f,318,Home,393093.82,Rejected,2025-02-03,2025-02-14
13260e7b-4c18-4d45-ad70-1624d05449e2,554,Business,166145.88,Approved,2025-02-01,2025-02-12
dadfb92d-0659-4155-9ff6-a50d98e1c409,696,Student,2383.78,Rejected,2025-02-02,2025-02-16
f1129b2c-452b-49c8-908b-c5e791c734b9,769,Auto,48866.77,Pending,2025-02-02,
3a603dca-09f8-4140-86e9-1c7a327bb790,389,Personal,37287.88,Approved,2025-02-02,2025-02-16
7e8f8b60-01b2-46b7-8b43-f91f574f9022,436,Student,7701.39,Pending,2025-02-02,
0c95818d-1678-48af-a6ab-cf890e446f48,495,Business,48045.57,Approved,2025-02-03,2025-02-03
a31082e4-ef46-4753-a5e0-2ee1c50f5843,487,Business,148144.99,Approved,2025-02-02,2025-02-12
e2f0d1d5-b003-4a92-b101-df62f445e2b6,804,Student,10083.43,Pending,2025-02-01,
6d38dc22-01a2-42b5-a61a-3bd7d7b48947,727,Auto,41345.37,Pending,2025-02-03,
a6776dda-fc4f-400c-8b6d-324fa9b7d69c,714,Auto,33755.8,Pending,2025-02-01,
72ab30de-69e3-49ea-b3d3-f8232d6e71f0,772,Student,26800.56,Approved,2025-02-03,2025-02-14
662b55e5-8ae5-49fb-8473-3d3a6dc9b485,567,Business,92724.56,Pending,2025-02-01,
a58cd0f5-1802-4dba-bae3-0f81a2435806,766,Personal,30903.32,Rejected,2025-02-02,2025-02-12
a8cfdee8-26e9-4e69-b3ac-ef699c8fc2d5,588,Personal,31407.6,Approved,2025-02-01,2025-02-04
2df83f26-0a32-4515-ab18-fbaca530fa86,647,Auto,33187.25,Rejected,2025-02-01,2025-02-06
2d6a0404-a9e9-4a33-ab3d-f06fc7ca21ee,814,Business,174306.94,Rejected,2025-02-03,2025-02-10
6cedd74a-22b9-404d-8f1d-632a051682f4,850,Business,128259.31,Approved,2025-02-01,2025-02-15
b44c1acd-98ba-48f0-8735-441b444f0f3e,626,Home,76725.85,Rejected,2025-02-03,2025-02-07
e5c4a280-d679-40ce-bffe-799301b5e799,802,Home,401321.57,Approved,2025-02-02,2025-02-03
2e1a06af-3b82-439e-82b8-952a8357402f,632,Personal,19419.55,Approved,2025-02-02,2025-02-09
6907c99d-1376-4035-9458-3dd3bc5b2323,707,Business,92936.28,Rejected,2025-02-03,2025-02-10
5679e167-9919-42f8-a973-869d2c76bec3,677,Business,81006.69,Pending,2025-02-03,
400f226f-9408-4844-8b4a-df58ac4d683c,525,Business,96043.13,Approved,2025-02-01,2025-02-10
de131397-4072-4504-8e68-98564f534659,555,Home,103369.69,Rejected,2025-02-01,2025-02-12
7c208960-96d7-40cd-89f0-5e464769380a,812,Student,11504.82,Approved,2025-02-03,2025-02-07
5b6b430e-0dc8-4787-b8cc-728fdab01ba3,433,Auto,27058.67,Pending,2025-02-03,
c8046bc2-81dd-4cfb-9295-0408ecd7fe44,695,Auto,41096.91,Rejected,2025-02-01,2025-02-05
1be1c80e-a753-4140-8bde-3acd8e647ba6,623,Business,46708.93,Rejected,2025-02-02,2025-02-02
f9822220-89fd-4421-ae4c-7ca23553aaac,660,Home,110095.44,Pending,2025-02-01,
f58ce385-cf3b-4366-ac56-7ba32ebf1a08,525,Student,9698.98,Approved,2025-02-01,2025-02-10
62e51bb2-334a-4335-810e-b536be1b54d7,701,Personal,10096.78,Rejected,2025-02-02,2025-02-03
148fec92-6384-4978-ad99-baf70699eee6,405,Business,100409.42,Approved,2025-02-01,2025-02-05
093b70c4-ad72-45c7-b314-82f53f21ca5c,665,Personal,40875.57,Pending,2025-02-02,
ec4a05fe-b62f-4952-ada8-9e36713cb7ec,359,Home,56379.94,Pending,2025-02-01,
8ec11991-89bc-4c49-8848-7561614cfcf7,530,Auto,15351.36,Pending,2025-02-03,
b47c544a-0e9f-4774-8502-11f8026de14f,395,Home,108112.37,Pending,2025-02-02,
6c0ef654-d250-4d2c-b821-d4f69f086ef4,547,Home,159577.27,Approved,2025-02-02,2025-02-02
1147506e-64cf-42f5-8286-7215cffd5c34,492,Home,189927.46,Rejected,2025-02-01,2025-02-02
b920c61a-a75c-4f1a-ba95-1dbfbe8fecc2,543,Personal,8898.92,Rejected,2025-02-01,2025-02-02
c85152af-7e36-4c91-9f42-1c443bd08c01,533,Personal,24439.94,Pending,2025-02-01,
de7e5134-1d2e-417b-980d-cacb4235ab10,566,Personal,29791.86,Rejected,2025-02-02,2025-02-12
80ff4b6a-5f30-4abe-9107-ecbd219feba8,494,Auto,33703.12,Pending,2025-02-03,
55e382d7-21ee-4a37-9eab-ce5bea6d4b0c,324,Student,18502.67,Pending,2025-02-01,
0c31467f-1fdf-442f-b9d4-bb29d746486c,407,Business,78702.54,Approved,2025-02-02,2025-02-03
59a6daf8-d331-4665-b6db-ce1bc04d254c,803,Personal,37705.98,Rejected,2025-02-03,2025-02-12
67b1c6c0-cba8-4a4f-b973-4a6c7ba48232,590,Business,64957.89,Approved,2025-02-03,2025-02-05
7c014c8d-6538-46bf-8bee-eadae1e380ec,579,Student,10288.14,Approved,2025-02-03,2025-02-07
8c2b2989-2f78-4f11-840f-269b25c9575d,504,Home,391421.31,Rejected,2025-02-02,2025-02-12
ed61b4e5-6c7b-40e3-a3c5-4597189fa6a3,822,Home,412569.77,Pending,2025-02-02,
047bf137-c30b-42d4-957c-e36b9db4cc83,460,Student,23499.32,Approved,2025-02-01,2025-02-14
f6fa98ea-bfdf-4f45-b61b-9db93a7d30ec,447,Student,8330.91,Approved,2025-02-02,2025-02-15
18ed0da3-7aeb-4b3b-b802-19e738a94157,594,Home,266750.28,Approved,2025-02-03,2025-02-13
57b0e835-a607-4d52-9554-a053bc09ec22,838,Auto,14372.76,Pending,2025-02-02,
d475770e-9196-4b0c-bd53-65fb88f581c6,720,Auto,17170.18,Rejected,2025-02-03,2025-02-13
87cf98ae-4fb2-4a0e-a40d-6a95a785651a,815,Home,137933.31,Rejected,2025-02-03,2025-02-10
f2717c34-cd33-4fa7-ac50-6f066a00026a,587,Auto,33885.35,Approved,2025-02-03,2025-02-05
4fd1619e-8a4a-47ae-ad75-f99014c5ea2f,822,Auto,34701.55,Pending,2025-02-02,
6a1516b9-e229-48ec-b5d5-58bbf55134c0,765,Business,117473.35,Approved,2025-02-03,2025-02-13
588af2cb-c5b1-4c2c-97be-ff580d7034b0,657,Business,51788.89,Rejected,2025-02-01,2025-02-06
384bf805-b043-4ab2-b29d-04d1c2d17bef,748,Business,104378.32,Approved,2025-02-01,2025-02-11
623edfa0-a8bc-40fc-8a88-669b8f820a55,460,Auto,23952.21,Pending,2025-02-03,
9b4347c7-03ec-4997-bfb4-d6f94ed67baf,572,Personal,41857.7,Rejected,2025-02-02,2025-02-08
ec7e1762-2a0f-4c74-b6cb-6a74fa0931dc,352,Business,27316.0,Rejected,2025-02-01,2025-02-10
2b9ac8fc-a4bd-4bee-b14c-38c3e966780a,486,Student,11877.84,Pending,2025-02-01,
3a46da9c-e843-44a2-bd02-33b1acdf057b,724,Student,9630.5,Rejected,2025-02-02,2025-02-06
e91f7ced-0482-4b34-b544-b1dbde0c6545,563,Home,226918.21,Pending,2025-02-03,
37559eb6-9a3b-4dba-b6ea-1b49b4e3f3dc,759,Home,409889.07,Approved,2025-02-03,2025-02-09
8f75c7d0-0eaa-462a-a84c-4da3c2fddabe,328,Auto,32374.34,Pending,2025-02-01,
699465d5-4277-491f-84fc-976e85db9248,356,Home,197953.42,Approved,2025-02-03,2025-02-07
f80daedb-bda2-48dd-9ea8-6b46b021e0d1,483,Business,61352.15,Approved,2025-02-03,2025-02-17
a94b92a8-aa0b-4dcf-befe-439ce6d32632,831,Student,18800.67,Pending,2025-02-01,
b1a34639-3be8-4125-973d-db8bc58a862d,839,Business,99929.41,Pending,2025-02-03,
3fb5eafa-7d06-45c2-b623-05718ed4163a,533,Home,362386.26,Rejected,2025-02-02,2025-02-02
a7b4fb74-c8e3-4b0a-8544-6ffc2d4d7e69,400,Student,28734.6,Pending,2025-02-01,
7ed31385-9273-42d3-b404-7edb91a139b1,508,Home,103889.31,Approved,2025-02-03,2025-02-11
3a601d95-59eb-4ab0-9fe3-d94ea235af79,611,Home,66587.01,Pending,2025-02-03,
2dc733ce-4f7e-4fe3-81f4-d982059ca798,511,Business,198786.56,Approved,2025-02-02,2025-02-14
d98be6bc-0783-467d-b2e4-d9233fd63097,627,Business,134659.66,Pending,2025-02-02,
ee6013fb-0b5a-49fb-85cc-1af4ac07ed47,546,Home,323170.77,Rejected,2025-02-03,2025-02-15
cd93f4c6-6f4d-4c22-b65c-f80ea0e7da50,519,Business,87314.99,Rejected,2025-02-02,2025-02-04
f7f213fb-bb38-4753-8fb5-d2f719d95a1b,315,Auto,46094.71,Rejected,2025-02-02,2025-02-13
0a7c789a-1409-4bc9-b123-65464715e3f3,774,Student,28888.88,Approved,2025-02-03,2025-02-06
79c81fcb-3880-4075-b50b-0df8e4d6ed91,327,Home,331608.56,Approved,2025-02-01,2025-02-12
adb073e6-2251-4184-b9c6-a2cb36114c31,323,Auto,33962.7,Approved,2025-02-03,2025-02-13
c76d3ca9-f8a2-4aff-b8c9-498b0c8a6545,704,Student,13748.8,Approved,2025-02-01,2025-02-08
eb8daeb7-daaa-462e-b0fc-4a3c88bb1304,817,Student,2461.0,Rejected,2025-02-02,2025-02-06
b53b08ef-8457-47b9-bac8-e7b1663710e7,734,Personal,46399.95,Rejected,2025-02-01,2025-02-11
6c8331ec-14f8-4ce0-ad15-02b807a94285,556,Business,162592.93,Pending,2025-02-02,
bde02bd4-79fe-4a23-ab0f-73f3cb0c44a4,597,Auto,32021.75,Pending,2025-02-03,
86b4eb40-e0c4-4ea1-b3cc-70eea56bfedb,354,Auto,46824.77,Approved,2025-02-03,2025-02-11
199cebba-5c50-437f-8464-e5d3f78fcaa8,361,Business,119164.56,Pending,2025-02-03,
c26caaa6-0dba-4797-8965-13cf4f86a939,430,Student,7307.66,Pending,2025-02-03,
44afdf22-c29e-451d-906f-4dd46b55568c,440,Auto,41006.04,Pending,2025-02-03,
1c567280-7ed8-4d3c-b7b1-d510f68e8509,565,Personal,41208.57,Pending,2025-02-03,
bad6a561-a2ab-463c-8003-87fbf96e532b,838,Student,5550.63,Approved,2025-02-03,2025-02-17
d541f0df-d431-4df4-adf0-cc28820efb2e,770,Business,86550.56,Pending,2025-02-03,
7d1631e3-f543-4c20-aa99-3515bb0df0f6,726,Personal,17489.13,Pending,2025-02-03,
cd4e348c-cc14-4824-b572-3e5f14906396,445,Auto,14127.71,Rejected,2025-02-02,2025-02-11
84d7f5bc-fb0c-41fa-a3c3-f8dfd4186788,493,Auto,19274.54,Approved,2025-02-03,2025-02-08
9332f8df-0fa0-4f03-98c8-0e4bafd72db2,375,Auto,27499.01,Approved,2025-02-02,2025-02-16
4400a96f-a4bb-47c1-bc73-25f65efa1df1,811,Personal,35755.5,Rejected,2025-02-02,2025-02-16
03777bbc-4c57-4476-b2fc-801d90581a9b,471,Business,101978.69,Approved,2025-02-03,2025-02-10
8aa1e6f8-4ec1-44bc-8ad7-db585f18ca20,757,Personal,11211.78,Rejected,2025-02-01,2025-02-09
e646f8a1-d58a-433e-a315-eec72d6b686f,775,Home,164724.0,Rejected,2025-02-03,2025-02-06
d9ac63a4-f0cf-4310-b51a-b636b1a7dfc1,566,Home,66813.87,Pending,2025-02-03,
0cfb5bcd-1da0-4a1b-b9f4-2a7d2cf51286,782,Personal,38099.18,Rejected,2025-02-02,2025-02-02
9447d461-f94a-457a-be4f-49486fc68644,471,Business,145961.28,Approved,2025-02-03,2025-02-07
335334da-6201-4b89-af0c-ef27c54bcbd8,850,Home,276305.26,Rejected,2025-02-03,2025-02-07
6d14a0f7-fd16-4244-adb4-acd39ef2773b,378,Student,21318.12,Pending,2025-02-03,
622810dc-3ebb-474f-abea-ac1b1e8e6fa4,466,Auto,26940.51,Pending,2025-02-03,
01129ef3-056c-47f6-a197-d1f9a798645a,460,Auto,15965.02,Approved,2025-02-02,2025-02-13
133b5f09-58a5-48d9-af8f-adfdb8877e77,613,Auto,36458.31,Approved,2025-02-02,2025-02-16
785a5df3-2d3a-4387-b8e8-d9d2c10d5831,782,Personal,21755.02,Pending,2025-02-03,
4c23fd42-6bc8-4fea-9ac5-bc4c0b29a6ef,830,Personal,23302.65,Pending,2025-02-01,
1ab529b3-2280-4434-8347-ccc292ad4819,797,Student,16618.1,Pending,2025-02-03,
5b703cd8-c27e-45ce-86e7-b9badfa8b35e,779,Auto,47519.03,Rejected,2025-02-01,2025-02-04
229a74e5-94c8-4af3-9029-4935fc8df591,512,Student,18456.95,Pending,2025-02-02,
1043e67d-df2d-473f-942e-200dc83691d5,354,Auto,42698.43,Rejected,2025-02-02,2025-02-16
c75555fa-7a41-43f8-8a36-210a79f67fc6,646,Home,411158.23,Approved,2025-02-01,2025-02-03
877bae2c-7ee4-41ea-bdea-b44d45ca9b7c,399,Business,64688.15,Pending,2025-02-02,
8ffc7c79-036f-4e92-a2ab-059f2cea06cd,556,Personal,40745.15,Rejected,2025-02-02,2025-02-06
5d7d1f54-c012-464a-be6f-dfa27a6e9b93,669,Home,114615.62,Approved,2025-02-03,2025-02-12
cc64eae6-d3f7-4235-997e-d24b8684d600,833,Auto,25467.7,Pending,2025-02-03,
63c5f365-0c0a-4ee0-abb9-7f3dd314dc40,500,Business,26622.68,Approved,2025-02-03,2025-02-15
2ec86a4f-56c7-4bbd-8044-8f7bb5a13e6c,837,Business,37241.63,Approved,2025-02-02,2025-02-07
fd9827f8-03c8-4edd-a8f0-23c2a1ecae88,363,Auto,12258.71,Approved,2025-02-03,2025-02-09
986f8344-f9ec-4c46-a37b-214deb76beed,390,Student,10505.63,Rejected,2025-02-01,2025-02-13
65ce27d6-7496-4a45-8b4b-b932f4fe172f,455,Student,12990.25,Pending,2025-02-01,
ddeefe93-e4bb-488f-8100-0b2900dd646a,846,Personal,44921.31,Pending,2025-02-02,
d575f3d4-c065-438e-ad0b-72b6cc2cfd46,549,Home,463212.94,Approved,2025-02-02,2025-02-10
9fc8f8e2-8af2-4b3a-9ef0-e7a7a27fce57,551,Auto,15034.44,Pending,2025-02-03,
3bc5fd01-9ab9-436c-a5e3-8c17e7cc9e10,555,Student,5624.98,Approved,2025-02-03,2025-02-07
7e3012da-746e-42be-95ef-bd49260fe427,449,Auto,47694.14,Approved,2025-02-01,2025-02-01
324a63f2-a47d-4736-8843-efec385e6aec,315,Personal,21449.1,Pending,2025-02-02,
9362f058-0aeb-48b9-821c-d0eaf5e1bc7e,640,Home,81444.73,Approved,2025-02-03,2025-02-17
86cd5fa5-4347-4c11-9524-c3aa155a7f35,638,Personal,18389.72,Pending,2025-02-02,
ca4dca58-fdcb-4a2b-8330-495f96999a59,519,Personal,43154.98,Pending,2025-02-01,
419b437a-8429-4ec3-93d4-0c34fcc15e51,689,Student,1316.66,Approved,2025-02-01,2025-02-12
d59290cb-6438-420a-a04d-59f0c9201447,427,Personal,14900.27,Approved,2025-02-03,2025-02-06
9cfa42f9-3301-4859-b8a8-75570ffdee65,822,Student,11968.22,Approved,2025-02-01,2025-02-14
bb3f8dfe-28e8-408a-993d-84baf1171bf2,775,Auto,13164.16,Approved,2025-02-02,2025-02-04
31446a11-8e2e-494c-904c-f94926c43bb4,350,Home,242142.27,Pending,2025-02-01,
e042a866-8e7f-4b60-bd08-7abea347778c,520,Personal,7460.62,Rejected,2025-02-03,2025-02-13
d652ad3b-9383-432f-be63-4556a2a6e925,473,Student,25004.55,Rejected,2025-02-02,2025-02-04
3244fb5d-5123-4959-9e28-9c9e9ceaed49,592,Auto,17221.98,Pending,2025-02-02,
a31c4051-d710-435a-91d3-5c48d4af903a,843,Student,16119.29,Rejected,2025-02-03,2025-02-14
c28ff921-9235-4fd9-9682-3cfbb55797cf,583,Business,182945.43,Approved,2025-02-02,2025-02-04
f62db7fc-6b5b-432a-9038-de3132989f8d,371,Auto,32471.08,Approved,2025-02-03,2025-02-12
bd9fd900-57cf-4dfd-b0f1-5bae7d9810b2,532,Student,9165.14,Rejected,2025-02-03,2025-02-13
034e5a03-72c7-4ed6-813e-98ced817da6e,486,Business,95385.23,Rejected,2025-02-01,2025-02-11
08d50cc8-98f9-428a-ab9c-22246c5a4f50,635,Home,478669.8,Approved,2025-02-02,2025-02-15
29c7805b-23d8-41dc-a47c-e0e98e93cfae,633,Business,32844.07,Pending,2025-02-02,
043e529d-fba7-4793-961f-661a3d610591,822,Auto,36118.1,Rejected,2025-02-02,2025-02-05
29ee759f-47ff-4b46-8e9d-aae6f67cb653,486,Personal,37100.17,Approved,2025-02-03,2025-02-06
052e6f16-a45e-44b1-99e4-335bf9218604,625,Student,4121.86,Pending,2025-02-02,
98321d62-f245-4449-b69b-e5300f33a3d0,388,Student,10492.96,Rejected,2025-02-03,2025-02-14
adba762d-977c-48f5-99d3-f7f44ddaf110,764,Business,199942.65,Approved,2025-02-01,2025-02-09
7f1bb4d7-d431-4cab-ba6b-348ca82482f2,804,Personal,29704.54,Approved,2025-02-02,2025-02-03
5197b75c-5cda-4a14-92e0-ab04a57a5148,690,Student,8737.38,Pending,2025-02-03,
d7593b35-9592-4efb-96de-b9f0d2ce52d6,689,Auto,17239.22,Rejected,2025-02-02,2025-02-16
8a1c226c-7ec7-4788-988e-28e80d405793,747,Home,240874.49,Rejected,2025-02-02,2025-02-05
d3fc9802-2c65-433e-8cf0-c9d5e0664338,677,Auto,27125.05,Approved,2025-02-02,2025-02-07
50633732-dfd2-4e7b-a622-2c3436eea44a,755,Business,190701.87,Pending,2025-02-01,
1e347533-50dc-45bf-a356-4f79a3033f21,344,Student,5029.11,Rejected,2025-02-01,2025-02-15
0bccf904-4d90-4349-a259-f8b61a573625,527,Student,11756.13,Pending,2025-02-01,
03bf508e-4ede-420a-8f4e-acb244609100,758,Personal,15930.69,Pending,2025-02-02,
7ec21113-bf95-4d76-88ba-9fc68991070d,657,Business,129959.7,Approved,2025-02-02,2025-02-13
39aa39f4-fbe0-4184-9746-c47039ef3fbb,645,Personal,7535.24,Pending,2025-02-03,
5094da55-8fa8-4553-bdfc-0a7c3e7d3517,849,Business,51785.62,Approved,2025-02-03,2025-02-05
cdfe273f-9887-438e-89d0-de6714381735,429,Business,183840.49,Approved,2025-02-01,2025-02-03
c1788b8d-cd20-47f4-82d1-4230ef356cdf,848,Business,20958.05,Approved,2025-02-01,2025-02-08
1739d128-7236-4c22-9081-e10f6c01abf0,584,Student,5895.97,Pending,2025-02-03,
811df3d9-75dd-4a3f-ac60-f8a3362aee89,522,Auto,19854.7,Pending,2025-02-02,
3ecd7e8f-51d1-433f-a2a7-7e27e6fea8d2,740,Auto,45865.07,Pending,2025-02-01,
dfdbe783-c1ec-44bc-acb1-e3259c1b95b0,636,Auto,36031.49,Approved,2025-02-01,2025-02-07
f26516c0-f65e-4884-8058-a4acfc435592,480,Auto,32179.38,Rejected,2025-02-03,2025-02-06
71a9be7e-576e-47a8-a2a8-b018ad7e36b5,491,Student,29402.16,Pending,2025-02-03,
9154a93d-bf45-4bc1-8702-f2367e299e40,402,Business,81106.81,Rejected,2025-02-01,2025-02-12
b6fcbd01-e5c5-440a-818c-405cfe9ae55f,398,Home,328136.8,Approved,2025-02-01,2025-02-11
49ee40cd-dc4d-4139-bf0f-769537478023,647,Personal,44295.48,Rejected,2025-02-03,2025-02-14
2ac4a909-718e-4894-9310-c33b2a829d18,672,Business,138434.22,Rejected,2025-02-03,2025-02-10
b25bc9d3-3921-40db-a5fb-af628bb0f2b5,435,Home,370753.45,Pending,2025-02-02,
c883bbfa-7bfe-445d-9b87-19ef025413b2,799,Personal,8629.06,Approved,2025-02-01,2025-02-15
ed17b9e3-2c1f-414d-ac93-cc638fd13a39,308,Student,29079.85,Rejected,2025-02-03,2025-02-06
ead2e3f1-6e78-4fea-bc4e-063c0e291ca6,395,Home,108393.13,Rejected,2025-02-03,2025-02-15
d477a345-bfb0-4272-b218-65640297e201,351,Home,195184.39,Rejected,2025-02-03,2025-02-08
eb37c271-3381-4c16-b242-7a4e8fd87031,790,Home,383251.62,Pending,2025-02-03,
17b33fb5-7ec8-4c4b-8192-070b0c038c46,832,Business,82880.71,Approved,2025-02-01,2025-02-01
a801bf7d-1517-43af-850e-736ec8537fda,437,Personal,14398.66,Approved,2025-02-02,2025-02-05
521ebd38-5a55-4826-a701-c6fc151c1fae,832,Auto,42789.53,Approved,2025-02-02,2025-02-13
d0201131-c23c-4125-a086-73a3fe16d09f,306,Student,27831.89,Approved,2025-02-01,2025-02-12
a0cdeed1-f358-4ed9-afa3-f04b53f67933,631,Auto,17865.83,Pending,2025-02-01,
2c958b8e-1eb8-4e7a-a7e1-05f858cd948b,639,Student,6577.56,Approved,2025-02-03,2025-02-13
b8c5eb74-42c5-4405-bbed-6b3dfd86dd78,835,Auto,43926.34,Approved,2025-02-03,2025-02-16
8189da05-79d6-42b2-8550-a51f72b8b903,761,Home,447257.99,Rejected,2025-02-02,2025-02-02
aa01fc14-261d-45a2-b7b0-aa9ef91d6fa9,810,Business,128217.29,Approved,2025-02-01,2025-02-09
f53c5b09-d087-43ef-bbd1-93aa769d8349,718,Student,25538.64,Rejected,2025-02-01,2025-02-11
0a79af2f-3b09-4c8c-957d-e5ef051a49d6,687,Auto,27359.18,Rejected,2025-02-01,2025-02-04
8c987f46-61f7-4c48-95f6-e00befb7859a,608,Business,71903.25,Approved,2025-02-02,2025-02-03
5434e64a-84c6-4caa-9766-bdf1c614a31d,400,Business,170151.48,Rejected,2025-02-03,2025-02-07
30562f09-968a-4479-933d-ba04512405c5,473,Personal,30185.77,Approved,2025-02-01,2025-02-02
aca576e8-5f09-4a9b-bc25-cfca48ab338c,585,Auto,23984.28,Rejected,2025-02-01,2025-02-10
36c72d54-28f6-4274-bed7-2649949a869e,492,Home,394075.74,Pending,2025-02-01,
c8097ad4-cd50-4f7a-a1d7-bbb97a3733c0,462,Auto,22472.83,Approved,2025-02-03,2025-02-17
33a168c0-7ec8-4132-ad66-d40aa11103eb,588,Auto,32815.08,Approved,2025-02-03,2025-02-05
4c58a7b0-30fc-4717-bf4a-7bc6edfed57a,403,Home,419883.45,Rejected,2025-02-03,2025-02-12
838f60f4-11ea-4d24-9864-5cdf043c1958,454,Business,137293.15,Approved,2025-02-02,2025-02-12
dba678d9-a885-4633-acf1-282bb12eb3a0,378,Auto,44822.15,Pending,2025-02-03,
318af9c7-7bad-4bc1-a889-32a545bc8ee4,370,Home,392691.27,Approved,2025-02-01,2025-02-09
67387d48-4db9-4329-974a-c716657effdf,625,Personal,38797.56,Rejected,2025-02-01,2025-02-05
8f294834-9032-404d-99c7-fb1c12977714,510,Personal,42800.13,Pending,2025-02-02,
e95631cb-44fb-4cc2-9fd8-286dd3c52246,515,Student,29795.11,Pending,2025-02-02,
d2548695-e611-4daa-bb9d-332b9cb8a88e,657,Student,15405.0,Rejected,2025-02-02,2025-02-06
fcd50bbd-e92a-4ea1-8dcf-a87b57b11351,414,Student,8686.88,Approved,2025-02-03,2025-02-13
b7de0238-8600-434d-ba65-d2e75a5a7374,564,Business,197638.91,Rejected,2025-02-02,2025-02-02
c4659ab5-fad4-44ca-912f-67031cfedb25,568,Auto,10804.27,Pending,2025-02-01,
bb314834-988a-469e-9544-1804a8a1450c,700,Auto,48478.21,Rejected,2025-02-03,2025-02-07
c08a8d7d-ef04-4e28-9743-dc344fab4a32,411,Auto,43187.45,Rejected,2025-02-03,2025-02-08
40581960-5cac-4331-80e3-eae1de3f0fe2,831,Personal,26232.24,Approved,2025-02-01,2025-02-07
5db727d3-8536-42d7-8883-c2622a305f3b,348,Home,169906.11,Pending,2025-02-01,
9a543fcf-0699-44b4-8b36-9a7220d24134,366,Personal,12241.91,Approved,2025-02-02,2025-02-09
20068d80-53cf-44c4-a45b-5996fcdac518,329,Student,7733.75,Pending,2025-02-01,
a74b7589-1e0e-42ff-a8dc-aa02ffd197e1,614,Home,288269.13,Rejected,2025-02-01,2025-02-13
26f44911-449e-4ae3-ad60-e35f7a1d7f9b,583,Student,19277.86,Pending,2025-02-01,
bec6ef8e-e405-45d1-89ac-f231f9c2641e,504,Student,7677.94,Rejected,2025-02-03,2025-02-17
66ed5df8-8891-4f23-bc00-ba53d6d87b19,462,Personal,28008.24,Pending,2025-02-01,
3d96263a-6200-4516-b722-c6ca6f3f5fec,742,Auto,34694.38,Approved,2025-02-03,2025-02-09
464405d9-d779-4754-ad85-c3b3a6711674,503,Auto,24990.56,Rejected,2025-02-01,2025-02-04
8753ae50-27f1-427d-ac5f-58dfb2d544c7,356,Business,78187.14,Approved,2025-02-03,2025-02-12
7478eec8-4a13-4423-802c-1dcb917169f7,326,Personal,32411.52,Rejected,2025-02-01,2025-02-04
a91ca20c-3a9f-4393-8b34-8a4713b973e8,681,Home,267297.79,Pending,2025-02-03,
daaa971c-4537-4aaa-b52f-e827474edfc7,674,Home,416077.31,Rejected,2025-02-01,2025-02-15
62411ead-9b14-4cbe-a92d-8a951c313886,308,Student,5225.56,Pending,2025-02-02,
985cfead-5855-46a0-af7b-4693b85350ca,710,Personal,18677.79,Approved,2025-02-03,2025-02-03
b9a1f1c6-9b32-47f2-8d3b-418abad55624,444,Home,65759.26,Rejected,2025-02-01,2025-02-15
026480a4-0b47-42cb-9fec-1ab74d79653c,600,Auto,23553.49,Rejected,2025-02-01,2025-02-14
09961617-1334-486b-905e-9a4bd4f0b5a6,641,Home,171546.01,Rejected,2025-02-01,2025-02-14
f2cf227a-df44-447d-b5b3-4d2ef110c262,356,Student,29994.02,Pending,2025-02-02,
f6f6e3b5-49d4-4e3a-b102-abc4bb3826df,383,Home,259327.08,Pending,2025-02-01,
673e39c0-b203-45cc-8988-68e74f0f1103,719,Student,28742.22,Rejected,2025-02-03,2025-02-17
7b4dc081-4b23-40cc-b9fd-7505d89a8840,848,Home,319862.85,Rejected,2025-02-01,2025-02-01
e3ce34e8-b535-40ab-ad5c-c512ee8c3383,773,Home,269314.22,Pending,2025-02-02,
1991b213-55af-494c-98bb-b1b317da7c82,817,Auto,18971.02,Approved,2025-02-03,2025-02-09
9fb96284-1557-45ff-8aff-cce3ee12a023,347,Auto,16936.22,Rejected,2025-02-01,2025-02-15
7f3d1763-55e7-431d-8b6d-69d838d81c23,600,Auto,19961.35,Pending,2025-02-01,
a42e5b5f-1f9a-45fd-8e39-8f427d4e6ca9,652,Student,12755.06,Approved,2025-02-03,2025-02-11
c325d20e-e024-417d-8f1e-bc0355be5219,627,Business,116489.85,Approved,2025-02-02,2025-02-02
e4a2961c-f633-49a2-b1a3-1f643952e508,536,Auto,36686.66,Pending,2025-02-02,
ad93cad5-3940-4c64-828a-575dbd670f16,782,Personal,39981.71,Approved,2025-02-03,2025-02-07
21f1bcb1-6761-41b8-95b4-bc458d842847,534,Personal,26572.23,Pending,2025-02-03,
a296f89b-5455-4a21-afc1-498f84a49b8e,712,Auto,47398.01,Pending,2025-02-02,
9d9d8687-a131-4e10-96d7-67c1801b6c0a,674,Personal,38672.69,Pending,2025-02-03,
e481727e-84d5-4546-b12d-d03cc3eb82a6,354,Personal,33568.27,Pending,2025-02-02,
b8e2fb3a-63c0-42c1-97a2-ef986eb0f55d,316,Home,402711.05,Approved,2025-02-02,2025-02-16
2af39558-6eb8-4307-8cd4-5ea962ab8b98,788,Student,11169.97,Approved,2025-02-02,2025-02-16
2e6e8192-3a30-48b8-a77f-325d650650c4,752,Personal,34038.89,Rejected,2025-02-01,2025-02-07
4dba99c9-1c19-4774-b075-bacf7ce4d52d,450,Auto,24602.04,Pending,2025-02-03,
e6f94c6b-da86-4499-a4a8-57103ab113e9,618,Student,25109.2,Approved,2025-02-01,2025-02-15
6d419a52-ddb0-4069-86de-22134f2b1ffe,430,Home,435583.94,Approved,2025-02-02,2025-02-16
20363636-a97d-427c-a602-238bee05c570,724,Personal,5481.29,Pending,2025-02-01,
5c52d040-572a-48d6-9283-11250c0b60d4,744,Business,157131.73,Pending,2025-02-03,
34ff69f9-8099-4f80-a6db-fa09f4dde4fd,691,Auto,28061.84,Pending,2025-02-03,
73f76609-6020-45b6-a219-31c3a6ec9f77,684,Personal,47937.31,Rejected,2025-02-02,2025-02-07
d120a7df-3480-4738-a99c-f7c9ae0c9b30,753,Auto,39322.75,Pending,2025-02-02,
5172e743-9c37-4308-92e8-2dec329f7b89,431,Home,99098.61,Pending,2025-02-03,
f157cb5b-03ae-4399-a411-b54f24773e55,318,Auto,20917.93,Pending,2025-02-02,
9cb6d699-eab7-4f92-a430-71112be01554,828,Student,28004.07,Pending,2025-02-02,
84dabb00-9930-4758-ab45-66be862d7dc7,348,Personal,18288.63,Pending,2025-02-01,
ec181b82-8dbf-4bda-8e31-2ade817b8d7f,805,Business,22317.08,Pending,2025-02-03,
30ea0333-0b9b-4120-b182-b4168d5b175d,525,Home,327616.98,Rejected,2025-02-02,2025-02-13
300af931-55ee-4d92-bca6-337c15ed5c9d,346,Personal,25789.9,Approved,2025-02-02,2025-02-16
24f97d7c-3ef6-4bd0-be63-c8982364db2c,569,Auto,13384.63,Pending,2025-02-02,
5ac552d8-67fa-471e-b309-58e4d04cb141,628,Home,373277.48,Rejected,2025-02-01,2025-02-07
771d4e1a-7402-4a3e-b1cc-8682e872ce58,336,Business,12934.6,Rejected,2025-02-01,2025-02-11
a5ca770c-6264-4635-8fc9-30a84fc538ab,602,Personal,45763.92,Pending,2025-02-02,
89d225e4-0cb1-488c-ba9c-d2fd5c4d9777,436,Auto,12395.13,Rejected,2025-02-03,2025-02-07
02bbb49a-4f18-43ed-af35-ed235929f384,662,Student,2356.24,Approved,2025-02-02,2025-02-07
14ebe2dd-bfa9-471e-b768-49906ac663fe,515,Home,435006.91,Pending,2025-02-01,
a7cf32e2-c8dc-4e63-b5e8-723dffaecf6f,536,Business,114313.74,Approved,2025-02-03,2025-02-10
ec19a567-0bb2-4b48-bed4-46c4aee8b245,736,Student,2670.66,Approved,2025-02-03,2025-02-04
c1417ed5-1972-438d-b266-23215d7c6b7a,576,Auto,28326.97,Rejected,2025-02-03,2025-02-12
c16532dc-9247-4bb9-a779-bde61789552d,550,Auto,42122.05,Pending,2025-02-02,
048dbb9b-f932-490a-a23c-5bc93b12685e,650,Home,359432.89,Pending,2025-02-01,
0e92366c-99e1-4dc1-ba33-04cb020e705f,445,Personal,24187.39,Approved,2025-02-01,2025-02-14
6388396e-91d6-42aa-b28d-940cf3a70791,364,Home,322924.96,Rejected,2025-02-01,2025-02-12
a08eff81-a8a3-4e73-9c0e-3c43dfdb41bd,614,Personal,20369.3,Rejected,2025-02-01,2025-02-04
41f607a6-cbfd-44c7-bfd6-e92fcf68109b,510,Auto,25578.46,Pending,2025-02-01,
86862b74-559d-4573-8ca8-6742d690b15d,409,Business,106643.76,Rejected,2025-02-03,2025-02-07
66fcbfe1-7828-46bd-bcea-63f721cc8533,729,Auto,39913.02,Pending,2025-02-01,
19dfda1f-9a83-41fd-a4b5-84bf74288746,401,Auto,29423.6,Pending,2025-02-01,
84b96731-bffa-41eb-a887-514b5e483837,465,Student,21811.67,Approved,2025-02-03,2025-02-03
7cb4d329-2036-4798-9eb9-23582c7a75ab,408,Student,5831.01,Pending,2025-02-02,
3e2fab6d-854c-4387-a143-c65dd5053b80,496,Auto,48324.25,Pending,2025-02-01,
4c5065f4-a0e1-4389-b6c6-3e387af678eb,607,Business,39387.38,Pending,2025-02-03,
916f54fc-5a6a-42de-a693-2f2de8153810,786,Personal,5383.11,Approved,2025-02-02,2025-02-08
412f1416-7302-44da-8d91-24499bdaa849,801,Auto,42312.8,Pending,2025-02-03,
199e7312-6374-48d8-b50e-fd4e7824b36d,706,Business,28578.75,Pending,2025-02-03,
9c683149-885e-416a-b108-cb0710b5c2df,836,Business,159435.04,Approved,2025-02-03,2025-02-15
dff6d778-a0e3-4753-83dd-1009f82fb756,615,Auto,18734.39,Approved,2025-02-03,2025-02-04
d28a137f-428e-49ca-b450-0fefc3d1ac07,614,Business,179934.52,Rejected,2025-02-03,2025-02-09
ea2e3071-974b-4b13-a40a-a0a106aca4b0,603,Student,24589.31,Pending,2025-02-03,
0c8fa48f-80b0-4561-acce-da402ecf1e41,550,Personal,20962.89,Approved,2025-02-01,2025-02-07
f7f19697-480e-4117-91ff-e4b06aebe550,522,Student,22226.19,Pending,2025-02-03,
b86467c2-2e64-453d-aeed-a2c3a8f028f0,569,Student,4737.91,Rejected,2025-02-01,2025-02-05
831377cf-b8ee-4067-94a5-8bdebf2bc54f,474,Personal,12107.33,Pending,2025-02-03,
6fb01e66-7d71-4516-a501-15e88e28485f,642,Auto,16498.43,Approved,2025-02-03,2025-02-09
8076583c-d92e-443d-a349-b6fe4f2fd6e6,390,Auto,39466.14,Approved,2025-02-01,2025-02-10
b65318d7-3f6b-40eb-bfdc-834ce0ee41c8,383,Home,251317.28,Pending,2025-02-01,
7e00f1a2-21fe-4247-acda-ba7878ab5ffb,703,Business,164978.58,Rejected,2025-02-03,2025-02-12
4993c74b-57e5-41f3-9a50-1b4c56328963,653,Auto,24086.11,Rejected,2025-02-01,2025-02-14
994c30fe-803b-44bb-b146-bfbbd4b33f31,513,Personal,10147.79,Pending,2025-02-02,
514e4115-9398-4d1d-aff3-478dc0c91542,645,Home,360403.52,Pending,2025-02-02,
e350de99-579c-48f3-a1b1-ec9fd6c9b7c7,829,Auto,38314.46,Pending,2025-02-03,
1b3f4966-0c9c-4fc9-9580-a1bde3593984,848,Home,298638.94,Pending,2025-02-01,
cedc575a-e449-4f9f-82a4-8a32df4f210a,562,Home,359691.38,Pending,2025-02-01,
6a514266-2583-4773-8bd0-1bf09f2825e3,825,Auto,22595.2,Pending,2025-02-03,
02d22654-c927-48ec-bb05-7cbd62bfd201,699,Student,24950.54,Approved,2025-02-01,2025-02-11
580c470b-bb2d-4ccc-b934-d512180a7749,432,Business,106064.82,Rejected,2025-02-02,2025-02-14
77e2a1a0-28ff-41f6-9b6b-f81282227d28,459,Home,176402.4,Pending,2025-02-01,
1eb2ef47-4d16-495a-bae5-c7fbf3e8497e,800,Personal,46714.57,Rejected,2025-02-01,2025-02-06
6bd3efdf-ab99-4821-a542-283e0c86e4ff,797,Student,2605.24,Approved,2025-02-03,2025-02-06
cb2c28aa-c2c9-48b2-acec-3a7124b65d46,735,Home,336290.85,Rejected,2025-02-01,2025-02-07
c52c02d6-4652-4778-84cd-1159fa287776,461,Student,20009.97,Approved,2025-02-02,2025-02-05
850d9b84-12ce-44d3-971f-d6fc4e6dac82,601,Business,16973.6,Pending,2025-02-03,
3a065249-76c8-4140-91fa-7e7b8e49b030,688,Student,17571.36,Pending,2025-02-01,
ed1762c0-86c7-45dd-9c5a-9cc9770839bd,387,Student,2780.49,Approved,2025-02-01,2025-02-10
05c135e2-4292-4e8c-b371-ad134a51f249,320,Business,95739.15,Pending,2025-02-02,
16d431a4-eb6d-4292-b444-ed27bbac15a9,612,Student,18339.63,Pending,2025-02-03,
6f09c649-fe6f-442f-b653-a621d46f03f6,634,Personal,6542.08,Pending,2025-02-01,
018c556b-2037-463b-b61e-35c0cc549e5b,823,Auto,22305.49,Approved,2025-02-03,2025-02-13
b1f47c79-8d5b-4d36-aba9-f042fcf5c5e3,565,Student,2057.93,Rejected,2025-02-03,2025-02-10
25dd2a57-3534-4992-bc75-4258f310aadd,438,Student,16410.18,Pending,2025-02-01,
546bfd5c-9460-4d49-a699-829a346d9747,807,Personal,27818.5,Rejected,2025-02-01,2025-02-02
e4be0097-d7d4-4283-8555-489739c0bda9,361,Auto,26854.65,Rejected,2025-02-01,2025-02-03
da4579ff-7b2f-423a-bc36-50f5e15fe34f,574,Home,219542.78,Approved,2025-02-01,2025-02-08
56deffe0-7bf9-4164-bdfa-7389b9b71db9,500,Personal,35190.43,Pending,2025-02-03,
813dea64-aa9d-4c99-a827-64d1a5fa9677,712,Auto,11091.59,Rejected,2025-02-03,2025-02-16
0d6b5843-85b1-4bfb-8042-ea22018ddd47,778,Business,45987.81,Pending,2025-02-03,
11395839-fffa-4b10-ba9b-ebceb24d47e8,546,Business,118509.0,Pending,2025-02-01,
bda0939a-0665-464e-92ae-040929186c08,301,Student,1131.84,Pending,2025-02-03,
786218a8-725b-4c9b-98a2-17793862d73c,585,Business,48804.98,Rejected,2025-02-01,2025-02-03
0ea57818-7606-4b76-be10-dafaec0a8ff6,705,Business,113788.18,Approved,2025-02-01,2025-02-06
806e29e1-0854-43cd-a309-11b4c76b4084,779,Personal,45812.25,Pending,2025-02-03,
325f5d04-3e96-4f8f-9182-e5cc3662c987,829,Business,148484.13,Approved,2025-02-03,2025-02-17
1becea94-a173-4802-81ed-378730c87d5d,729,Auto,16441.55,Rejected,2025-02-03,2025-02-16
0ed43be2-a2e6-4b8d-9f1c-769fff649303,425,Student,16723.44,Approved,2025-02-02,2025-02-04
b6aa199c-b10a-424c-85a6-faf83e3963c1,841,Business,196035.06,Approved,2025-02-01,2025-02-05
fc7cc62c-37c4-4ad8-8ba6-410bee8f0383,474,Business,90003.96,Pending,2025-02-01,
16ded82b-b3eb-4a92-a517-ab2b0b380d84,671,Student,23286.72,Approved,2025-02-01,2025-02-02
4017de98-dbc3-4e0b-b455-136827e49373,721,Personal,9986.73,Pending,2025-02-02,
f304f34c-ba7c-4124-93c0-296ae54c8ecd,768,Student,22931.82,Approved,2025-02-01,2025-02-04
5bdda0c7-0130-47f3-ad3e-59474f71ae04,382,Personal,32629.32,Pending,2025-02-03,
7f4952d8-b70e-44e3-8b40-2c52f8cf200a,820,Business,110735.7,Rejected,2025-02-01,2025-02-09
d2e8fa49-e683-40bb-98d3-de41edb8266b,486,Home,72611.7,Approved,2025-02-03,2025-02-13
29ec62d5-033b-4a1d-8906-d732c7605258,822,Student,19557.02,Pending,2025-02-03,
b05379fe-5561-44dd-aaff-dfc91f566fba,402,Home,88266.59,Pending,2025-02-03,
801f20a6-cf33-4ca9-8dd9-fb4d23e0d668,765,Home,187037.17,Pending,2025-02-01,
81445917-97eb-42d7-a87d-94a59af92670,456,Personal,43012.07,Approved,2025-02-02,2025-02-14
a3efc2e7-c7b5-4348-845b-f1f1da415adc,624,Business,64735.84,Pending,2025-02-03,
7b5d276d-792d-4931-9253-4fa2781dc465,766,Auto,32839.63,Rejected,2025-02-02,2025-02-09
3c07f9bb-c2dc-46af-91ba-6cbaa5395980,682,Business,100839.61,Rejected,2025-02-01,2025-02-02
2a6c917e-23b6-42aa-88b7-9a3e8cc0c9be,527,Personal,48484.45,Pending,2025-02-01,
7d635da0-23d3-4c77-8f32-77217676b44b,463,Business,26448.38,Pending,2025-02-02,
7caca78f-8f8b-4015-a82f-b4bdfc10280b,495,Personal,8491.22,Pending,2025-02-03,
64e3b53f-1464-4c51-a85e-de6159b317c0,607,Home,358752.15,Rejected,2025-02-01,2025-02-14
2a53551f-bbdd-4267-b0fb-63071205f087,727,Home,347601.47,Pending,2025-02-02,
be0c237c-fc15-4a2e-bed9-9c36731e691d,551,Student,3086.63,Approved,2025-02-02,2025-02-05
63a38994-d12d-4750-88f4-1d1504d36255,420,Home,481807.04,Pending,2025-02-01,
2efb41cd-328e-4253-a6c5-dd1b352572af,553,Auto,12179.66,Pending,2025-02-01,
28c07909-c02c-4355-97df-a99d2f1ab571,767,Auto,41345.13,Approved,2025-02-01,2025-02-13
10dcd0d8-4e41-41f4-9358-3463bfd121b0,395,Home,127284.75,Approved,2025-02-03,2025-02-04
fa764277-49fe-4381-a578-7d3333d32291,358,Personal,34241.6,Rejected,2025-02-01,2025-02-06
a6757894-5a76-4246-a722-ce5956ccbb4f,352,Personal,49509.45,Pending,2025-02-03,
7215edc2-0e72-426d-888b-753045edd9e7,380,Personal,49306.88,Pending,2025-02-03,
62710a66-a92e-40d9-8a94-a2816bf24c77,545,Personal,35258.23,Rejected,2025-02-03,2025-02-06
a1cb8a0d-32a5-42e8-a3ce-9d0c80769646,463,Student,7461.55,Rejected,2025-02-03,2025-02-08
8edbb738-6296-4a3a-831b-e4a38fc7655c,372,Student,27128.02,Rejected,2025-02-01,2025-02-03
f0f8e508-4690-431a-ac88-532af13bc316,801,Auto,39875.75,Approved,2025-02-01,2025-02-08
33050c5d-6c15-4df3-805b-fd392a591599,737,Business,124905.2,Pending,2025-02-02,
3e22986f-11b6-490a-8e36-5ff556baf58c,405,Business,193688.95,Pending,2025-02-03,
5e95694f-39fe-44d7-9243-c8b5b1c2b7f1,754,Auto,25258.48,Rejected,2025-02-01,2025-02-03
e3dd519f-6dba-46a3-909c-dbd06c93cb2a,390,Auto,18707.78,Pending,2025-02-02,
ecc4fdac-c06c-498e-a56c-a55db217e168,649,Student,14105.57,Pending,2025-02-03,
c8ffa669-28e6-4604-b122-e6c05ed5bce2,519,Home,397356.78,Rejected,2025-02-03,2025-02-14
1869c2d8-b82b-40bb-b7e9-301e4d48c745,367,Business,30934.31,Approved,2025-02-03,2025-02-06
dd2a0eb1-8fb1-4e27-b41c-1c992d27ab04,580,Business,58776.26,Approved,2025-02-02,2025-02-15
014c61ef-31db-4b46-be56-063b776b41a8,659,Business,107530.01,Rejected,2025-02-01,2025-02-09
45848c10-ad24-4ecb-b5f0-a7aae4eda22f,818,Student,6162.25,Rejected,2025-02-03,2025-02-12
ac8b44c1-d54f-4caa-9a8e-bac21fbbfd0e,812,Home,134748.57,Pending,2025-02-03,
e4912c83-3ecf-428c-ad78-ea0a9911c0b4,572,Student,24976.1,Pending,2025-02-03,
ba9dee3e-902a-48e6-a954-ca1bfb4a6d3e,600,Business,89940.86,Approved,2025-02-02,2025-02-16
725cbd54-f905-4747-a464-de05e5bd6767,536,Student,20103.85,Rejected,2025-02-02,2025-02-13
9e627423-9c8d-4e6b-a845-6d4295efffe2,303,Personal,16099.41,Rejected,2025-02-02,2025-02-08
818a0710-9253-487d-957c-aabd640d0f44,452,Auto,33434.89,Pending,2025-02-02,
e54fcd94-9cec-4bd5-8e72-a98084fc8171,590,Home,344313.4,Approved,2025-02-02,2025-02-06
573f5af2-5188-4366-b7fb-e9031a71fc7a,328,Business,19289.53,Pending,2025-02-03,
3cda2c5a-4b9b-443e-92ce-5c1bf2693f06,459,Home,464317.73,Pending,2025-02-03,
51eea484-1dc4-455e-88a8-941e7f8a7614,618,Home,312573.5,Approved,2025-02-03,2025-02-07
11ab7860-0e53-4da4-9c50-1516692cb8b5,318,Personal,15277.24,Pending,2025-02-02,
58e0c4f0-d9d2-48e9-bf29-6136fce4f74e,809,Student,11292.93,Rejected,2025-02-01,2025-02-06
58443665-6865-4bbc-abe1-3b6d635f4646,523,Auto,37555.07,Pending,2025-02-02,
daa2e1c5-98c7-4413-a8c1-c268e4fdfdd8,606,Home,444950.56,Rejected,2025-02-01,2025-02-04
cd790b0d-dd2f-4d20-aa2d-9de71e5f4fbc,776,Student,28694.51,Pending,2025-02-01,
6234648f-eaa7-43f3-90c1-1607b59b2c89,396,Business,55369.88,Approved,2025-02-01,2025-02-04
bff540bd-6f60-4a47-bfde-41aa60f3c4dd,432,Home,274659.84,Rejected,2025-02-03,2025-02-05
5eddd6a1-ffa5-49dd-abe1-ced02a0b9341,379,Student,12627.87,Rejected,2025-02-02,2025-02-08
41abfdf3-4705-4977-9019-317b428bcae4,313,Auto,40440.29,Approved,2025-02-02,2025-02-06
95deb0fc-146a-4fed-a8bc-8a816ee85316,826,Student,18443.0,Pending,2025-02-01,
ce489795-7832-4bfe-abbb-59bf16da036d,516,Student,17213.54,Rejected,2025-02-03,2025-02-04
5a29b656-c066-4570-9fcb-768c5f74fb9b,764,Auto,36372.06,Rejected,2025-02-03,2025-02-05
ad328ff4-12fc-439a-a4f2-a82aefb667ff,848,Home,458919.73,Approved,2025-02-03,2025-02-14
dc826cd9-cce1-47a2-a40e-f6d7d41409dc,300,Business,29559.01,Rejected,2025-02-03,2025-02-05
88c74983-527e-4b47-aad5-300d1f410b72,379,Home,304634.4,Approved,2025-02-01,2025-02-02
c6551d56-6eaa-4959-88ce-bbc1f41facf0,808,Home,206260.39,Pending,2025-02-03,
d4de2f72-cf37-4749-abed-6eae2540fe02,441,Personal,38348.45,Pending,2025-02-01,
99149d67-6747-44af-9f41-84b8aeef53be,344,Auto,39686.74,Pending,2025-02-03,
496cf5c4-a032-4055-afdd-c36980724c87,713,Student,18940.94,Pending,2025-02-01,
fc181b48-b85e-4371-bf21-c229db507350,331,Student,6284.54,Approved,2025-02-03,2025-02-15
096ef610-3293-481e-b747-2729d074c8e4,703,Personal,30287.09,Rejected,2025-02-03,2025-02-16
653b13e5-85bf-4ecb-a9aa-c100c5755357,584,Business,90441.38,Pending,2025-02-03,
2696f97a-63e3-46dc-8576-71a68891bc6b,635,Personal,31307.93,Approved,2025-02-01,2025-02-14
6853e074-e20c-40c2-8aa9-fe29c1d93c03,709,Home,348634.12,Pending,2025-02-02,
cb39b2b3-b1a9-4092-b57b-2c9e3ce43197,394,Business,61344.74,Approved,2025-02-01,2025-02-03
10b758a0-9058-426c-b4ac-0bac674b2db3,552,Home,121748.07,Rejected,2025-02-01,2025-02-12
e0645bad-d3af-4f79-b503-d633dc2ca7dc,753,Auto,15347.59,Rejected,2025-02-02,2025-02-06
eac0d109-bf06-460b-9dcc-419a8d8ce180,499,Student,28176.92,Approved,2025-02-03,2025-02-06
7ab771b6-dd87-45b2-861c-c8e073fad9c2,661,Business,125363.17,Approved,2025-02-02,2025-02-02
641e092d-d988-48f5-a10a-997529b6ce8b,661,Auto,29674.8,Approved,2025-02-02,2025-02-12
77faebe7-3239-459c-9352-306cdb5ba433,680,Business,93046.62,Rejected,2025-02-02,2025-02-04
be8beed7-e1ab-4d07-bcdb-4328cd06ac77,458,Home,357837.02,Rejected,2025-02-01,2025-02-11
e6090235-d2d5-482b-9438-70eabdc54e4a,778,Home,196553.33,Approved,2025-02-03,2025-02-08
628e6be0-c318-4ad4-b0e4-b1eff1c89f7a,634,Business,153375.72,Rejected,2025-02-03,2025-02-06
9700ea0c-7c39-4f52-a24e-a89584b6eb41,761,Student,14322.66,Rejected,2025-02-02,2025-02-11
2dfd737c-1af2-4cab-829b-1c49d9d00197,303,Business,143393.38,Rejected,2025-02-03,2025-02-03
51aa5b88-63b4-4e07-b1ba-72e325366f12,409,Business,132528.0,Approved,2025-02-01,2025-02-05
86ba6f27-fa43-458f-843c-30404b1a566f,737,Home,425133.71,Pending,2025-02-01,
36d384ef-9ef5-4273-b32a-225219fbf433,692,Auto,45184.41,Pending,2025-02-01,
ebe65edf-99ca-4515-990b-05cc291210ac,573,Home,451428.44,Pending,2025-02-02,
c78a0fec-c7c1-4c18-867b-afd166e9bb45,565,Student,17446.79,Pending,2025-02-03,
332d8b8a-0261-43ca-88d4-a3fcf245b9c5,790,Auto,24865.01,Approved,2025-02-02,2025-02-02
e6d46acc-6317-481b-af21-f3af6de111bf,692,Auto,20325.42,Approved,2025-02-01,2025-02-11
f9c2495a-3038-426c-b8c2-33d213f87d76,455,Student,13278.64,Approved,2025-02-02,2025-02-03
91665d4a-6897-4448-b280-663bccf0476d,302,Student,25176.68,Approved,2025-02-01,2025-02-14
dc7fd338-2e36-4d1c-ac1a-3e0801221c64,623,Auto,15527.33,Pending,2025-02-01,
587144fd-80ad-4523-9d2c-319a06f0f280,720,Home,94651.22,Rejected,2025-02-02,2025-02-07
2660ddfb-be91-40f5-8dd5-88cce913ae0a,682,Student,6282.31,Approved,2025-02-02,2025-02-06
119bdc3e-5bb5-493c-a0c5-5dfaba6e8cd3,701,Auto,42170.86,Approved,2025-02-02,2025-02-05
df4bb9a1-8414-4856-9440-5c77ca4878ac,391,Home,314014.43,Pending,2025-02-01,
104f25d4-513f-4fe0-a684-d38c347cd56b,754,Business,143269.13,Approved,2025-02-02,2025-02-10
248257b5-5011-476e-97a9-e8870e77a274,379,Auto,42197.59,Pending,2025-02-01,
34c80645-1e58-4aa8-b60b-993f742e352a,628,Home,443419.78,Rejected,2025-02-03,2025-02-12
e025af58-97a8-480b-9ecf-ca324ecae135,579,Home,298804.39,Approved,2025-02-02,2025-02-03
5140e158-86bd-4b01-ae6d-da17bca7b049,823,Home,58762.51,Rejected,2025-02-01,2025-02-14
5381a9e2-b786-49b3-9dba-e57c99d2af64,365,Business,35238.92,Approved,2025-02-03,2025-02-05
5359ea91-ce6f-4d34-9c77-d3e55ae76f75,407,Student,12686.36,Rejected,2025-02-01,2025-02-01
f2a298fa-3564-4d4e-8212-cf1c55dd79c4,571,Business,171831.88,Approved,2025-02-03,2025-02-17
aa21e3a9-1452-4fcf-a1c8-c0319f980330,842,Business,74366.68,Rejected,2025-02-03,2025-02-14
88458ac3-1438-4cfd-acce-6c31e606b158,436,Auto,11412.6,Pending,2025-02-01,
3cf85ce1-a7b0-4a8b-b338-690398b677c5,536,Personal,28034.37,Pending,2025-02-02,
17702488-d1d5-4c70-ac82-39023199b36d,476,Auto,36782.19,Pending,2025-02-03,
62ccff37-133e-4fcc-b564-d7d9aae6e78c,643,Personal,18623.3,Rejected,2025-02-02,2025-02-16
298f38b9-41ba-45e2-b918-4d87b617de0f,386,Personal,10410.82,Rejected,2025-02-03,2025-02-03
65c12412-d247-4e9f-b7ac-a91cb708e09e,616,Personal,44039.21,Rejected,2025-02-01,2025-02-11
ff070fde-cb51-4f06-a3d9-d3a4b744d7b1,322,Student,22669.28,Rejected,2025-02-02,2025-02-10
a697863e-4e2d-49bb-b6d2-60d08681f23a,716,Auto,48311.3,Approved,2025-02-01,2025-02-07
707d4651-4d64-4efb-892d-b8349f92fe9c,408,Business,143783.38,Rejected,2025-02-01,2025-02-03
cbd9ae58-dc13-44b5-a748-aadcd0c8f9c9,348,Auto,36870.49,Pending,2025-02-01,
d59d96f7-b9f4-43ce-ae3e-1c8eedc2a6af,454,Auto,45322.86,Approved,2025-02-02,2025-02-10
4228fdbe-5894-4422-b443-f8f76d2ef50e,460,Auto,17469.95,Pending,2025-02-01,
f58e4ee2-944f-4be9-83b1-245e15f6e992,434,Personal,39248.74,Pending,2025-02-03,
5ee426b3-2902-4d92-8cfa-18cf6dc93435,320,Business,63039.06,Pending,2025-02-01,
ea6efb55-ca93-41c3-9574-c73ac4c11414,308,Student,27858.14,Rejected,2025-02-01,2025-02-14
68491c8a-b8fa-44b6-b461-5bf0c5b7a9fa,645,Home,75758.17,Approved,2025-02-01,2025-02-11
864aa536-1e93-48c7-a4c8-822f3b32f8bc,691,Auto,27267.43,Rejected,2025-02-01,2025-02-01
1f2d5ca5-da56-41a1-a401-2187460cdc6e,724,Home,424909.06,Approved,2025-02-01,2025-02-02
234b259a-60e0-49e4-b172-9768c12386a5,583,Business,197661.07,Approved,2025-02-03,2025-02-11
ca750098-8ba8-4eb8-85ea-a4a6429111af,412,Business,194755.58,Pending,2025-02-01,
fc3de997-d3c1-4cfc-9c56-b929bda3a5ca,357,Home,467155.09,Pending,2025-02-01,
4f9f6480-003b-4351-8b80-37749fd87edd,806,Home,326358.47,Rejected,2025-02-03,2025-02-16
666bc2e7-09ae-4d46-ac8d-8a32331ab6e5,806,Auto,42548.15,Rejected,2025-02-01,2025-02-04
e0e3eb6b-389a-4a6d-8cec-0ad34356efcf,450,Business,20529.6,Rejected,2025-02-03,2025-02-04
7ed0b885-345b-41f0-b181-48bee5b3afe4,731,Student,19632.42,Approved,2025-02-03,2025-02-03
4ef19e9c-b8a9-4a5b-8fa3-51e403f93b24,442,Auto,34571.6,Rejected,2025-02-02,2025-02-09
4c7efb04-165b-48f9-b2cb-47e93a912551,765,Business,10333.23,Approved,2025-02-03,2025-02-10
510fb610-8d2a-4b88-918a-af57f726dc5e,489,Student,10046.34,Rejected,2025-02-01,2025-02-15
585ca8f5-86c5-4837-bcdd-92946f0f1da8,366,Home,183410.51,Approved,2025-02-01,2025-02-15
1c7eecb0-ca70-440a-b4d8-61390d9d3583,420,Personal,17390.53,Rejected,2025-02-03,2025-02-14
6dbde72f-cb31-406e-9445-b51f3bfe2c16,334,Auto,23962.28,Pending,2025-02-02,
be754e2e-f7a5-429b-ae6a-f22f84319129,750,Business,112832.91,Rejected,2025-02-03,2025-02-06
47260d6a-de23-4014-9282-51deb2af4829,579,Business,38369.42,Approved,2025-02-03,2025-02-16
b8319929-03b8-4dab-890b-76ac0860243a,825,Student,5120.88,Approved,2025-02-01,2025-02-03
f211dc8c-ada0-47e5-afd5-f0c49b05513b,374,Student,27684.09,Approved,2025-02-02,2025-02-11
d4ffddca-438c-4166-bbf7-f027354211ba,581,Personal,14419.12,Pending,2025-02-03,
3401d5c5-8606-424b-befa-05682d1b4d6a,789,Home,216553.06,Rejected,2025-02-02,2025-02-02
1b046791-5fef-439c-a294-1fa2f670c0b3,331,Auto,46351.78,Approved,2025-02-03,2025-02-09
de26e141-62bc-4a18-8873-5a3f63a129cf,676,Auto,35154.2,Rejected,2025-02-01,2025-02-04
be125727-33e9-46ac-876a-79c66cbd441e,564,Student,14870.92,Pending,2025-02-03,
825be8f0-a7e4-4f0e-ad1c-1e86b0eda227,638,Home,399310.26,Pending,2025-02-03,
58b3594b-9caa-4cbf-ac05-30c413e7b36f,364,Auto,16165.87,Pending,2025-02-01,
26671e52-4837-43c4-bdf7-f57157351aef,751,Student,12226.99,Pending,2025-02-03,
2754ee2d-6bb8-45e9-8e88-ffd5e5ff5f66,684,Home,393596.86,Rejected,2025-02-01,2025-02-15
b975f590-d4cb-48a6-b927-15ea98f96ccd,499,Home,352688.61,Rejected,2025-02-01,2025-02-05
0c710f6b-9956-439f-98dc-e2044615fbd5,321,Auto,12981.81,Pending,2025-02-01,
0dfa71eb-5cac-45a8-9571-f850cae3021a,674,Auto,36229.11,Approved,2025-02-01,2025-02-10
3fe17e29-5487-4119-a2b4-cf4ae09a5d76,563,Business,55508.06,Rejected,2025-02-03,2025-02-12
334433b7-7567-4ba3-be01-fda5a5bc49c9,364,Student,17427.03,Pending,2025-02-03,
37df3b11-f37d-49a0-ac0a-e8a28d7f488b,567,Home,224098.73,Pending,2025-02-02,
b66ffb3d-66d5-46ea-a7ac-9a902c8b5f38,455,Home,277442.13,Rejected,2025-02-03,2025-02-09
56eb4a96-155a-42b7-a29a-3d01e99f83a7,778,Auto,34277.0,Pending,2025-02-01,
f6dc854c-6966-4f4e-95a2-86442f23dede,672,Personal,44759.56,Rejected,2025-02-03,2025-02-15
86dec186-ae4b-473f-a11b-c5bd8f46fba2,458,Auto,47797.11,Approved,2025-02-03,2025-02-09
957080b9-424d-4961-a22d-4a8eccb3a346,321,Business,126040.7,Rejected,2025-02-03,2025-02-12
a6318434-58fa-42a0-bdf3-4484e21e9f69,345,Personal,45890.68,Rejected,2025-02-01,2025-02-04
590951aa-9d98-45cf-b8bd-33cbba69d66a,685,Personal,35535.5,Approved,2025-02-03,2025-02-07
811df905-a1ef-44f4-b3c0-9f41b32d4e28,666,Business,37310.25,Pending,2025-02-02,
e7be4131-9e1e-4f00-b8b8-9c9a29c6f611,366,Business,95580.96,Pending,2025-02-03,
e9a20a30-a5c7-450c-b9ee-5f9ca649d07a,684,Business,167616.3,Pending,2025-02-03,
13643766-7264-4ab4-9a60-45423fe8afaa,347,Student,16236.39,Approved,2025-02-01,2025-02-04
c1d4916f-1185-4b7e-8bf8-78e5cf99d20f,509,Home,493898.14,Pending,2025-02-01,
e6a83db4-6106-4672-a010-c98937dc7628,629,Business,148538.77,Approved,2025-02-03,2025-02-17
a5c24c54-ac0e-4979-8039-448d0166c058,478,Auto,49066.57,Pending,2025-02-01,
b7e1e454-7f81-48bf-be64-376dadfaac4d,641,Student,6501.98,Pending,2025-02-02,
8f8b9bd3-cc2b-49d4-ac34-3fbf38123124,320,Personal,25447.39,Rejected,2025-02-02,2025-02-08
10c5eb01-448c-49bc-91ab-7a667108f5ac,710,Auto,43956.13,Pending,2025-02-02,
22917c2e-309a-4fc8-9a22-5f829e65be85,412,Business,82861.04,Rejected,2025-02-03,2025-02-11
c7f7c291-da09-41a7-9288-e62df9481097,668,Student,2330.39,Approved,2025-02-02,2025-02-14
2a165c1a-8b98-4ed9-bd39-5bec6e01291b,692,Personal,48546.65,Approved,2025-02-03,2025-02-06
cf7ce71e-a5da-4591-81dd-0f3880d4c966,710,Home,122451.72,Approved,2025-02-02,2025-02-12
b756f08b-bca6-4c32-9230-89e24a4fa1fe,457,Personal,18613.9,Rejected,2025-02-02,2025-02-14
d5f0aeb3-0cc4-4f2e-8792-9d97b0a636c0,650,Business,88683.29,Approved,2025-02-03,2025-02-14
9d45d741-4e03-4a73-800a-a55b595fd8ac,428,Business,15481.51,Rejected,2025-02-02,2025-02-08
b61e0f10-e264-498b-94ac-15d305b0fca8,309,Home,370582.61,Approved,2025-02-03,2025-02-07
e05df635-b7e3-48eb-aa9d-783ded7fff75,742,Personal,18210.28,Approved,2025-02-03,2025-02-14
34aa72e1-e0de-4197-9ff3-30d72d84e9fa,476,Auto,49656.71,Pending,2025-02-02,
baeee9bd-bc18-4d49-87a3-d07fc8a748d9,375,Auto,11912.78,Approved,2025-02-03,2025-02-10
850052dd-4c39-47fa-b95b-a0704f045f77,816,Personal,28174.86,Rejected,2025-02-03,2025-02-11
59df3a0f-a774-4d16-9683-6e2e3c8b2c84,750,Home,102136.76,Pending,2025-02-01,
2bd26176-950d-492e-816a-8f59698aced7,530,Personal,38216.39,Pending,2025-02-01,
aceafacc-138d-4a11-93c4-6063e384b9f1,392,Business,161501.7,Rejected,2025-02-01,2025-02-09
7bae979d-362d-4e50-8dd8-9219689527ee,702,Auto,42138.83,Approved,2025-02-01,2025-02-13
2b935acb-7753-4ee3-99fe-19f12b39bf49,458,Home,306218.09,Pending,2025-02-01,
8f6dfdd4-a40d-423a-b54d-ba76d354fbde,846,Business,189200.14,Rejected,2025-02-01,2025-02-07
d0571882-d78d-46ba-b940-e7df5537ad18,492,Student,20862.95,Approved,2025-02-02,2025-02-09
81fca1db-2556-490b-b87a-1c4d54d9a87d,532,Business,152095.99,Rejected,2025-02-03,2025-02-10
347fea88-ff9f-42e0-aa1f-9a7c8e763daa,307,Business,183452.43,Approved,2025-02-03,2025-02-06
de56802e-cbe8-4e01-a98f-efce0c86de2d,362,Auto,14488.01,Rejected,2025-02-03,2025-02-17
2ad84ff5-9e02-42fa-8e1c-69d8841cfb17,607,Student,13222.26,Pending,2025-02-02,
211ba4e1-6a00-4ce9-9b0f-c639317d2203,551,Auto,21619.41,Approved,2025-02-03,2025-02-05
6a96aa20-8290-4250-90f4-d4708bfea069,837,Business,172269.48,Pending,2025-02-01,
59e4341f-972e-4363-8d16-e45ef49c9c05,535,Home,400656.8,Pending,2025-02-03,
22fc68ec-d52d-47bd-9e78-935ac9a53342,673,Home,226937.93,Pending,2025-02-03,
0f3f2be0-f010-4d5c-9b23-da662ac0f046,720,Auto,12499.09,Rejected,2025-02-02,2025-02-06
4dc62bf5-6bdb-4f79-a232-e32e234c02b9,671,Student,2220.96,Approved,2025-02-01,2025-02-08
cf573271-7221-4bbc-a4c5-23e5e5e052f6,463,Student,24220.0,Approved,2025-02-03,2025-02-06
3d1b88ee-210f-4904-bea0-7bd97f34a828,553,Student,1831.21,Approved,2025-02-01,2025-02-09
d59c54a3-a694-4752-853b-3b48fb1bcff5,450,Student,18835.26,Rejected,2025-02-02,2025-02-04
5d28c28b-aba8-4c56-a04c-3607170fdc81,573,Student,7528.45,Approved,2025-02-03,2025-02-12
83ec9e4b-94a4-433e-94cb-b00ef3986b77,751,Home,470699.22,Approved,2025-02-03,2025-02-17
c4899ad8-2533-4e58-9567-edb59a7bd2f2,310,Business,164656.65,Pending,2025-02-01,
25641df3-a1c9-427e-b7fd-155ccaa2bf3c,750,Personal,13920.85,Rejected,2025-02-01,2025-02-08
5facf86d-f4d9-494d-8b6a-a0cad8eea56e,373,Business,21747.77,Rejected,2025-02-01,2025-02-12
b0e8b0dc-44ab-4787-8a89-2d007e2dc875,545,Auto,22467.82,Rejected,2025-02-02,2025-02-13
42645acc-1c72-49f1-b788-7ec6b09b14b4,623,Business,138832.02,Rejected,2025-02-03,2025-02-06
d389ddb0-5eae-4e53-9d87-a573bcd285d3,720,Student,18401.99,Approved,2025-02-02,2025-02-09
00f241c1-b7a2-49c0-acd6-5e48c7a91881,640,Auto,40206.42,Approved,2025-02-01,2025-02-03
d4d2478f-56cc-45aa-b0a0-ac2588491f74,315,Personal,15926.94,Rejected,2025-02-03,2025-02-14
619e07e5-8ed7-444b-9053-bcc635eea9c5,627,Auto,17499.76,Approved,2025-02-03,2025-02-03
07f52063-3311-45be-bdd2-1ee11e0b44fe,700,Auto,47970.63,Approved,2025-02-03,2025-02-09
9a1c8e62-c712-4562-8259-6bad90c349e2,366,Home,269826.1,Rejected,2025-02-03,2025-02-09
01732a66-ebf8-46e2-b90f-4acb9ac4a5f2,428,Business,53316.28,Pending,2025-02-03,
58674e26-c581-4e5d-8db6-bfb11cfb09b9,568,Auto,15605.65,Approved,2025-02-01,2025-02-06
db88107e-edb6-469b-8c87-03a0c6a99a98,380,Business,159590.4,Pending,2025-02-01,
2ab5fe28-e133-4aaa-9240-c85d9587386b,589,Business,117127.98,Approved,2025-02-03,2025-02-17
2533e28a-f70e-4436-ad1d-c205fa89c7a0,820,Home,306895.08,Approved,2025-02-03,2025-02-13
fbd95aa0-f700-49c1-95cb-1e69c3b36ced,527,Home,137281.72,Approved,2025-02-02,2025-02-07
ac676fff-e5cf-4d50-88ff-c41babca7de8,692,Auto,40088.39,Pending,2025-02-02,
efc40f83-ee05-496a-9113-c3bf417ccfea,398,Personal,25487.86,Rejected,2025-02-02,2025-02-11
26062776-27ef-403b-a39a-6738cdc732da,669,Business,73812.93,Pending,2025-02-02,
f98544a6-8278-4be8-ae69-bcdaa31e38ed,390,Business,191384.21,Approved,2025-02-03,2025-02-08
5a7accd1-f780-4e53-9e82-4d71d54a6152,709,Personal,47179.1,Approved,2025-02-01,2025-02-14
136271ee-7df0-4102-a70e-b7ae291ccf1b,602,Personal,28133.43,Approved,2025-02-03,2025-02-08
77a4f9b8-756e-489f-99de-9412a01d3126,705,Auto,25236.12,Rejected,2025-02-02,2025-02-13
a15fc22f-3cc7-4e13-9ee6-0a368118e571,452,Auto,46543.65,Pending,2025-02-02,
697f5078-6a28-4e2f-bf31-43e0775fc970,342,Personal,37459.97,Pending,2025-02-02,
1b7cc0d4-2cad-4b47-8fd1-eda1b0d7e0f5,494,Home,382887.75,Pending,2025-02-03,
ac8c6735-be12-4231-8a4d-b373f5c936e3,681,Business,161897.71,Rejected,2025-02-01,2025-02-10
bc2500b8-b797-4185-bbd2-56019f5e728f,357,Home,260335.35,Approved,2025-02-03,2025-02-15
9e19c0c6-8d84-422a-81d2-25aca6e3e7f7,462,Home,146676.76,Pending,2025-02-02,
16d4b15f-c62f-4875-ad11-d82c25335ebf,758,Student,12384.88,Approved,2025-02-01,2025-02-07
ce608972-81e1-4dac-8cf4-0c7ad5d2a76f,613,Student,29551.36,Pending,2025-02-01,
e868894a-7f1b-4e8a-8242-c1c3f6da3407,316,Home,336241.07,Pending,2025-02-03,
5a07149d-07b2-4c99-b73a-66ca21706ed5,365,Personal,11121.17,Pending,2025-02-03,
df6f409a-c67f-4cee-82af-a8731bb1f227,307,Home,138960.05,Approved,2025-02-03,2025-02-06
ea25eca0-7e66-4a2b-be19-81edac3b3c09,641,Business,127700.75,Pending,2025-02-01,
4cc9ca27-4201-4042-814a-4ab95f78aa44,418,Business,85559.05,Pending,2025-02-01,
2578f4d4-600c-4b3a-9867-4511dfa8b7d4,384,Auto,15059.83,Approved,2025-02-02,2025-02-05
5f9c30b8-afba-4306-9fc1-a76f12299b6a,413,Student,16170.4,Approved,2025-02-02,2025-02-06
2dd468ff-71b0-4e97-a328-0b74596514e3,564,Home,480244.18,Pending,2025-02-01,
f86ee8a2-7f1c-4216-9a1b-3c36415af816,436,Personal,47155.18,Pending,2025-02-03,
fa232912-2080-460a-ae06-878f3e1d3d71,388,Business,177287.75,Pending,2025-02-02,
49590159-e174-4223-a54d-8a0cee9c192f,370,Auto,17926.9,Pending,2025-02-02,
fa378aa3-f7ad-49c3-a750-d999c2c23146,686,Home,268965.83,Rejected,2025-02-02,2025-02-06
69bc8589-5396-41df-95db-73f2f42e1b1d,381,Student,2748.51,Approved,2025-02-01,2025-02-08
0075039b-2a00-40d4-ac2a-34dc72ce4032,766,Auto,43676.11,Pending,2025-02-02,
b91e5b62-07b5-444a-9ef8-89763f99e83e,681,Personal,32803.01,Pending,2025-02-02,
07244bbc-1d58-47ec-bdd3-7acddcacc421,721,Home,400546.13,Pending,2025-02-02,
d9663123-23d4-4de8-a3ed-7cb32779421d,403,Business,73112.07,Rejected,2025-02-01,2025-02-10
a3eeb4fe-f464-4524-ab03-429d06af622f,590,Personal,31976.03,Rejected,2025-02-02,2025-02-14
49387f30-92d1-4210-ae93-1de452dae143,687,Student,28060.27,Rejected,2025-02-01,2025-02-11
65203af4-ee3a-4745-891e-6e750cb33bf5,380,Personal,27122.19,Rejected,2025-02-02,2025-02-12
c8ac6d9a-7632-4858-973b-2ce655dabe9c,542,Home,484466.42,Pending,2025-02-03,
fd1e0dfe-52a2-401d-aeb3-2428ea45584d,426,Business,86479.39,Approved,2025-02-01,2025-02-12
34313501-8a37-4c43-9434-42a57e2fa8ea,429,Business,20306.78,Pending,2025-02-03,
c8ba419c-c862-4531-ba27-485a673728c9,456,Auto,46272.6,Approved,2025-02-02,2025-02-04
ffbb9a57-fb10-4ee5-9037-a938ef8ab2a8,698,Home,278916.54,Approved,2025-02-01,2025-02-10
d55c7d5c-aace-412d-ba1f-adda5a55273d,682,Auto,14723.23,Pending,2025-02-02,
9ddaffb5-d47e-4679-8058-c1c3a417868c,586,Student,29012.43,Approved,2025-02-03,2025-02-15
0808c45c-0528-4308-81e1-1d6bf3891bdc,554,Home,486521.01,Pending,2025-02-02,
045f8ec2-ba2b-4940-a73a-9a1c444571ad,511,Auto,32754.87,Pending,2025-02-01,
eb376325-d835-4660-91a6-96889e78601c,650,Home,179288.44,Rejected,2025-02-01,2025-02-06
7b8ae1f6-711d-460c-af79-2bedbb3c5dd3,746,Auto,28636.99,Pending,2025-02-01,
b9704db5-7751-4194-b05f-288e67b95003,813,Home,408822.3,Approved,2025-02-01,2025-02-14
958c6599-dc09-4a63-9fc2-355462694096,548,Auto,25228.5,Approved,2025-02-01,2025-02-04
6ceddac4-b7b1-4112-9809-0c0181f7718d,639,Home,478604.08,Pending,2025-02-02,
5a3931bc-f8aa-447a-949d-30b9e1b45e96,817,Home,203058.46,Pending,2025-02-02,
478dc4a3-a664-4015-b71a-0de45e431cf6,783,Student,28731.99,Pending,2025-02-02,
7d80a59b-a7ef-488c-8249-d3aa17b657f4,417,Auto,46817.86,Approved,2025-02-02,2025-02-16
2dff594d-0ece-427c-8469-181c365e801c,316,Student,6391.65,Rejected,2025-02-03,2025-02-08
3c05798b-ef64-421c-8659-06834561fda5,847,Personal,9404.07,Approved,2025-02-01,2025-02-12
3de476ef-c5c3-4387-826d-5246e90854d5,432,Auto,40698.68,Rejected,2025-02-03,2025-02-14
d46f3f58-503b-4d12-928e-546284bc6748,547,Student,18755.53,Pending,2025-02-02,
4fe23760-ec70-43e9-ba4e-77dd512ca4f5,658,Home,395375.78,Rejected,2025-02-02,2025-02-15
ccb0ed8e-767e-474b-8049-1a709e355686,545,Auto,44194.13,Rejected,2025-02-03,2025-02-17
432f4a17-b703-4430-a951-8626c51bd709,837,Auto,21501.45,Approved,2025-02-01,2025-02-10
0505bce3-f455-4cb0-acf8-f3707d22c723,551,Student,27068.98,Rejected,2025-02-02,2025-02-02
081173c1-6af3-4f01-a684-cdb5a56c1fd8,613,Home,167268.96,Pending,2025-02-03,
9df0e5c4-6853-4049-9f4c-d7840aa2a858,463,Personal,10397.93,Pending,2025-02-03,
2845657e-10c8-42a7-9078-623f9d1a0edd,721,Business,177729.38,Rejected,2025-02-03,2025-02-04
b60c2849-b14a-4624-92f3-d5acb2a999e7,330,Auto,42153.12,Approved,2025-02-02,2025-02-02
91df2718-2619-4a6a-afb9-29ac956b4564,309,Auto,38613.21,Approved,2025-02-01,2025-02-06
df6a0329-7771-4065-bfdc-712676297be6,821,Student,19581.7,Pending,2025-02-03,
07dbaaf4-5b17-467b-ad07-7975308294ea,398,Student,25533.22,Pending,2025-02-02,
3fefe14b-3f8b-4c65-be94-1e13604bb591,457,Business,181988.44,Approved,2025-02-02,2025-02-12
f3234aa3-aef5-415c-bdda-ad077f9217fd,521,Business,182379.45,Rejected,2025-02-02,2025-02-09
063ba0e0-349a-47e6-a211-3cdd874ebfcf,705,Auto,41572.45,Pending,2025-02-01,
7211b30e-9a79-4391-b670-adeb451562c8,742,Business,68556.85,Rejected,2025-02-01,2025-02-03
c896fb23-aa7a-459e-b302-781f29798d32,807,Personal,30110.72,Approved,2025-02-02,2025-02-13
e245fa5b-3c06-4e5d-b777-2ad454c94b7a,530,Student,10038.51,Pending,2025-02-01,
56f013dc-1151-4cd2-a3e0-016b8fec1c69,508,Business,85887.06,Approved,2025-02-03,2025-02-15
a866e2c7-d2a7-4492-a9cd-478e4fd5ad39,751,Student,9727.42,Approved,2025-02-02,2025-02-05
1d700d24-f78b-4a63-9481-325eb0d4ddd3,809,Auto,39373.89,Approved,2025-02-01,2025-02-09
92e68b2e-e82a-42ce-b97d-4f574c42be4d,640,Student,12603.55,Approved,2025-02-01,2025-02-02
544d524d-f67a-4ea3-941b-5d0a93a1947e,571,Student,1676.4,Pending,2025-02-02,
f7b75ef3-20aa-472e-b643-0a43191371e2,312,Business,104628.47,Pending,2025-02-03,
7167b117-8536-472f-9162-530a8835f664,430,Personal,9777.75,Rejected,2025-02-03,2025-02-03
3db2c21c-ecff-42aa-b335-0d13b94de3b9,841,Personal,9908.13,Approved,2025-02-01,2025-02-09
6afafcae-82e7-4ffc-b718-291b243c2b47,658,Business,35942.5,Pending,2025-02-03,
5a531d95-a8eb-4caf-8309-95a39a366c28,779,Student,20357.46,Pending,2025-02-01,
aba96cd6-444b-4688-a79f-dd5412364482,321,Home,52948.41,Rejected,2025-02-01,2025-02-14
3cfaedb7-1602-4369-a45d-49c73bc4cd38,640,Personal,18730.71,Rejected,2025-02-02,2025-02-03
ff6a1465-cce0-40f5-a1a9-6e7fb38dcfaf,543,Business,188095.36,Rejected,2025-02-02,2025-02-12
e6681ec6-f433-4406-8973-4af262bb3fea,351,Personal,38794.34,Pending,2025-02-03,
6f8fe87b-cb7b-460d-9779-5a47f5d458dc,531,Auto,10601.07,Rejected,2025-02-03,2025-02-08
22d760fb-815a-4b7b-9c42-f65f1cecc4fd,543,Auto,17586.64,Approved,2025-02-03,2025-02-17
cd9fc7cb-db51-41ae-b751-c513951c3051,481,Business,81765.91,Approved,2025-02-02,2025-02-14
981ed799-df7b-4979-ae65-c367e0e818c2,344,Auto,21985.11,Rejected,2025-02-01,2025-02-06
a7777979-d4ec-454e-b1ce-c5b966082210,478,Personal,36969.74,Approved,2025-02-01,2025-02-11
936e3f34-85cc-45bd-84e8-acc91e12ec42,551,Home,398240.41,Pending,2025-02-03,
dfb50aa2-db5d-48f8-92a2-50366cbaeead,601,Student,14778.84,Rejected,2025-02-02,2025-02-14
f5ba672a-3fe5-4504-bce8-154d8559d83d,588,Home,248213.49,Approved,2025-02-03,2025-02-10
d58499e1-80cb-4102-b0f8-5908f041217d,838,Business,198284.43,Pending,2025-02-03,
fb3e8240-4d84-4a93-8c5f-5652ea94cf7c,755,Business,41105.86,Rejected,2025-02-03,2025-02-14
6ab7e8b3-bb55-4315-9b36-c8a06531f388,714,Auto,20823.26,Pending,2025-02-02,
12d50aa7-fdb1-40e6-a02f-b0693d6f2c47,321,Home,105715.69,Approved,2025-02-01,2025-02-01
a0a02ff1-b67e-4518-8bf0-fbb36e0a49bb,366,Business,185643.78,Pending,2025-02-02,
f0428faf-41a1-4585-bf2b-46ef3508030c,766,Home,290788.04,Rejected,2025-02-01,2025-02-07
b540a724-90af-408b-a56c-b199842564b3,708,Auto,25289.44,Rejected,2025-02-02,2025-02-08
6b58b4ff-3019-4de1-a246-e6373ecf6705,409,Home,495507.03,Approved,2025-02-01,2025-02-07
1362c15e-444f-4dd5-9961-d7465cf98439,660,Home,453387.07,Approved,2025-02-03,2025-02-16
d9e0936b-8d22-4f4f-801c-9cd5e623e1a7,460,Home,158186.51,Approved,2025-02-03,2025-02-13
